-- phpMyAdmin SQL Dump
-- version 4.6.4
-- https://www.phpmyadmin.net/
--
-- Host: localhost
-- Generation Time: Jun 09, 2017 at 02:07 PM
-- Server version: 10.0.30-MariaDB
-- PHP Version: 5.6.30

SET SQL_MODE = "NO_AUTO_VALUE_ON_ZERO";
SET time_zone = "+00:00";


/*!40101 SET @OLD_CHARACTER_SET_CLIENT=@@CHARACTER_SET_CLIENT */;
/*!40101 SET @OLD_CHARACTER_SET_RESULTS=@@CHARACTER_SET_RESULTS */;
/*!40101 SET @OLD_COLLATION_CONNECTION=@@COLLATION_CONNECTION */;
/*!40101 SET NAMES utf8mb4 */;

--
-- Database: `linhkienkha_3d88`
--

-- --------------------------------------------------------

--
-- Table structure for table `articles`
--

CREATE TABLE `articles` (
  `id` int(11) NOT NULL,
  `title` varchar(255) NOT NULL,
  `slug` varchar(255) NOT NULL,
  `alias` varchar(255) NOT NULL,
  `description` varchar(500) DEFAULT NULL,
  `image_url` varchar(255) DEFAULT NULL,
  `cate_id` int(11) NOT NULL COMMENT '999 : landing page',
  `content` text,
  `is_hot` tinyint(1) NOT NULL,
  `project_id` int(11) DEFAULT NULL,
  `tab_id` int(11) DEFAULT NULL,
  `status` tinyint(1) NOT NULL,
  `display_order` tinyint(4) NOT NULL,
  `meta_id` bigint(20) NOT NULL,
  `created_at` datetime NOT NULL,
  `updated_at` datetime NOT NULL,
  `created_user` tinyint(4) NOT NULL,
  `updated_user` tinyint(4) NOT NULL
) ENGINE=InnoDB DEFAULT CHARSET=utf8;

-- --------------------------------------------------------

--
-- Table structure for table `articles_cate`
--

CREATE TABLE `articles_cate` (
  `id` int(11) NOT NULL,
  `name` varchar(255) NOT NULL,
  `slug` varchar(255) NOT NULL,
  `alias` varchar(255) NOT NULL,
  `description` varchar(500) DEFAULT NULL,
  `image_url` varchar(255) DEFAULT NULL,
  `created_at` datetime NOT NULL,
  `updated_at` datetime NOT NULL,
  `created_user` tinyint(4) NOT NULL,
  `updated_user` tinyint(4) NOT NULL,
  `status` tinyint(1) NOT NULL,
  `display_order` tinyint(4) NOT NULL,
  `meta_title` varchar(255) DEFAULT NULL,
  `meta_description` varchar(255) DEFAULT NULL,
  `meta_keywords` varchar(255) DEFAULT NULL,
  `custom_text` text
) ENGINE=InnoDB DEFAULT CHARSET=utf8;

--
-- Dumping data for table `articles_cate`
--

INSERT INTO `articles_cate` (`id`, `name`, `slug`, `alias`, `description`, `image_url`, `created_at`, `updated_at`, `created_user`, `updated_user`, `status`, `display_order`, `meta_title`, `meta_description`, `meta_keywords`, `custom_text`) VALUES
(1, 'Tin tức', 'tin-tuc', 'Tin tuc', '', '', '2017-06-09 14:05:43', '2017-06-09 14:05:43', 0, 0, 1, 0, '', '', '', '');

-- --------------------------------------------------------

--
-- Table structure for table `banner`
--

CREATE TABLE `banner` (
  `id` int(11) NOT NULL,
  `image_url` varchar(255) NOT NULL,
  `ads_url` varchar(255) NOT NULL,
  `time_start` int(11) NOT NULL,
  `time_end` int(11) NOT NULL,
  `object_id` bigint(20) NOT NULL,
  `object_type` tinyint(1) NOT NULL COMMENT '1 : danh muc cha , 2 : danh mục con',
  `type` int(11) NOT NULL COMMENT '1 : không liên kết, 2 : trỏ đến 1 trang, 3',
  `display_order` int(11) NOT NULL,
  `status` int(11) NOT NULL,
  `created_at` datetime NOT NULL,
  `updated_at` datetime NOT NULL,
  `created_user` tinyint(4) NOT NULL,
  `updated_user` tinyint(4) NOT NULL
) ENGINE=InnoDB DEFAULT CHARSET=utf8;

-- --------------------------------------------------------

--
-- Table structure for table `block`
--

CREATE TABLE `block` (
  `id` int(11) NOT NULL,
  `name` varchar(255) NOT NULL,
  `status` tinyint(1) NOT NULL
) ENGINE=InnoDB DEFAULT CHARSET=utf8;

-- --------------------------------------------------------

--
-- Table structure for table `cate`
--

CREATE TABLE `cate` (
  `id` int(11) NOT NULL,
  `name` varchar(255) NOT NULL,
  `alias` varchar(255) NOT NULL,
  `slug` varchar(255) NOT NULL,
  `description` varchar(500) DEFAULT NULL,
  `loai_id` tinyint(4) NOT NULL,
  `display_order` tinyint(4) NOT NULL,
  `created_user` tinyint(4) NOT NULL,
  `updated_user` tinyint(4) NOT NULL,
  `created_at` datetime NOT NULL,
  `updated_at` datetime NOT NULL,
  `meta_id` bigint(20) DEFAULT NULL,
  `is_hot` tinyint(1) NOT NULL,
  `status` tinyint(1) NOT NULL
) ENGINE=InnoDB DEFAULT CHARSET=utf8;

--
-- Dumping data for table `cate`
--

INSERT INTO `cate` (`id`, `name`, `alias`, `slug`, `description`, `loai_id`, `display_order`, `created_user`, `updated_user`, `created_at`, `updated_at`, `meta_id`, `is_hot`, `status`) VALUES
(1, 'Xiaomi', 'Xiaomi', 'xiaomi', '', 1, 1, 1, 1, '2017-06-03 20:33:15', '2017-06-03 20:33:15', 3, 0, 1);

-- --------------------------------------------------------

--
-- Table structure for table `city`
--

CREATE TABLE `city` (
  `id` int(11) NOT NULL,
  `code` varchar(5) NOT NULL,
  `name` varchar(255) NOT NULL,
  `alias` varchar(255) DEFAULT NULL,
  `display_order` int(11) NOT NULL,
  `created_at` datetime NOT NULL,
  `updated_at` datetime NOT NULL
) ENGINE=MyISAM DEFAULT CHARSET=utf8;

--
-- Dumping data for table `city`
--

INSERT INTO `city` (`id`, `code`, `name`, `alias`, `display_order`, `created_at`, `updated_at`) VALUES
(1, 'SG', 'Hồ Chí Minh', 'ho-chi-minh', 1, '2017-04-27 13:26:09', '2017-04-27 13:26:09'),
(2, 'HN', 'Hà Nội', 'hà-nọi', 2, '2017-04-27 13:26:09', '2017-04-27 13:26:09'),
(3, 'BD', 'Bình Dương', 'binh-duong', 3, '2017-04-27 13:26:09', '2017-04-27 13:26:09'),
(4, 'DDN', 'Đà Nẵng', 'da-nang', 4, '2017-04-27 13:26:09', '2017-04-27 13:26:09'),
(5, 'HP', 'Hải Phòng', 'hai-phong', 5, '2017-04-27 13:26:09', '2017-04-27 13:26:09'),
(6, 'LA', 'Long An', 'long-an', 6, '2017-04-27 13:26:09', '2017-04-27 13:26:09'),
(7, 'VT', 'Bà Rịa Vũng Tàu', 'ba-ria-vung-tau', 7, '2017-04-27 13:26:09', '2017-04-27 13:26:09'),
(8, 'AG', 'An Giang', 'an-giang', 8, '2017-04-27 13:26:09', '2017-04-27 13:26:09'),
(9, 'BG', 'Bắc Giang', 'bac-giang', 9, '2017-04-27 13:26:09', '2017-04-27 13:26:09'),
(10, 'BK', 'Bắc Kạn', 'bac-kan', 10, '2017-04-27 13:26:09', '2017-04-27 13:26:09'),
(11, 'BL', 'Bạc Liêu', 'bac-lieu', 11, '2017-04-27 13:26:09', '2017-04-27 13:26:09'),
(12, 'BN', 'Bắc Ninh', 'bac-ninh', 12, '2017-04-27 13:26:09', '2017-04-27 13:26:09'),
(13, 'BTR', 'Bến Tre', 'ben-tre', 13, '2017-04-27 13:26:09', '2017-04-27 13:26:09'),
(14, 'BDD', 'Bình Định', 'binh-dinh', 14, '2017-04-27 13:26:09', '2017-04-27 13:26:09'),
(15, 'BP', 'Bình Phước', 'binh-phuoc', 15, '2017-04-27 13:26:09', '2017-04-27 13:26:09'),
(16, 'BTH', 'Bình Thuận  ', 'binh-thuan', 16, '2017-04-27 13:26:09', '2017-04-27 13:26:09'),
(17, 'CM', 'Cà Mau', 'ca-mau', 17, '2017-04-27 13:26:09', '2017-04-27 13:26:09'),
(18, 'CT', 'Cần Thơ', 'can-tho', 18, '2017-04-27 13:26:09', '2017-04-27 13:26:09'),
(19, 'CB', 'Cao Bằng', 'cao-bang', 19, '2017-04-27 13:26:09', '2017-04-27 13:26:09'),
(20, 'DDL', 'Đắk Lắk', 'dak-lak', 20, '2017-04-27 13:26:09', '2017-04-27 13:26:09'),
(21, 'DNO', 'Đắk Nông', 'dak-nong', 21, '2017-04-27 13:26:09', '2017-04-27 13:26:09'),
(22, 'DDB', 'Điện Biên', 'dien-bien', 22, '2017-04-27 13:26:09', '2017-04-27 13:26:09'),
(23, 'DNA', 'Đồng Nai', 'dong-nai', 23, '2017-04-27 13:26:09', '2017-04-27 13:26:09'),
(24, 'DDT', 'Đồng Tháp', 'dong-thap', 24, '2017-04-27 13:26:09', '2017-04-27 13:26:09'),
(25, 'GL', 'Gia Lai', 'gia-lai', 25, '2017-04-27 13:26:09', '2017-04-27 13:26:09'),
(26, 'HG', 'Hà Giang', 'ha-giang', 26, '2017-04-27 13:26:09', '2017-04-27 13:26:09'),
(27, 'HNA', 'Hà Nam', 'ha-nam', 27, '2017-04-27 13:26:09', '2017-04-27 13:26:09'),
(28, 'HT', 'Hà Tĩnh', 'ha-tinh', 28, '2017-04-27 13:26:09', '2017-04-27 13:26:09'),
(29, 'HD', 'Hải Dương', 'hai-duong', 29, '2017-04-27 13:26:09', '2017-04-27 13:26:09'),
(30, 'HGI', 'Hậu Giang', 'hau-giang', 30, '2017-04-27 13:26:09', '2017-04-27 13:26:09'),
(31, 'HB', 'Hòa Bình', 'hoa-binh', 31, '2017-04-27 13:26:09', '2017-04-27 13:26:09'),
(32, 'HY', 'Hưng Yên', 'hung-yen', 32, '2017-04-27 13:26:09', '2017-04-27 13:26:09'),
(33, 'KH', 'Khánh Hòa', 'khanh-hoa', 33, '2017-04-27 13:26:09', '2017-04-27 13:26:09'),
(34, 'KG', 'Kiên Giang', 'kien-giang', 34, '2017-04-27 13:26:09', '2017-04-27 13:26:09'),
(35, 'KT', 'Kon Tum', 'kon-tum', 35, '2017-04-27 13:26:09', '2017-04-27 13:26:09'),
(36, 'LCH', 'Lai Châu', 'lai-chau', 36, '2017-04-27 13:26:09', '2017-04-27 13:26:09'),
(37, 'LDD', 'Lâm Đồng', 'lam-dong', 37, '2017-04-27 13:26:09', '2017-04-27 13:26:09'),
(38, 'LS', 'Lạng Sơn', 'lang-son', 38, '2017-04-27 13:26:09', '2017-04-27 13:26:09'),
(39, 'LCA', 'Lào Cai', 'lao-cai', 39, '2017-04-27 13:26:09', '2017-04-27 13:26:09'),
(40, 'NDD', 'Nam Định', 'nam-dinh', 40, '2017-04-27 13:26:09', '2017-04-27 13:26:09'),
(41, 'NA', 'Nghệ An', 'nghe-an', 41, '2017-04-27 13:26:09', '2017-04-27 13:26:09'),
(42, 'NB', 'Ninh Bình', 'ninh-binh', 42, '2017-04-27 13:26:09', '2017-04-27 13:26:09'),
(43, 'NT', 'Ninh Thuận', 'ninh-thuan', 43, '2017-04-27 13:26:09', '2017-04-27 13:26:09'),
(44, 'PT', 'Phú Thọ', 'phu-tho', 44, '2017-04-27 13:26:09', '2017-04-27 13:26:09'),
(45, 'PY', 'Phú Yên', 'phu-yen', 45, '2017-04-27 13:26:09', '2017-04-27 13:26:09'),
(46, 'QB', 'Quảng Bình', 'quang-binh', 46, '2017-04-27 13:26:09', '2017-04-27 13:26:09'),
(47, 'QNA', 'Quảng Nam', 'quang-nam', 47, '2017-04-27 13:26:09', '2017-04-27 13:26:09'),
(48, 'QNG', 'Quảng Ngãi', 'quang-ngai', 48, '2017-04-27 13:26:09', '2017-04-27 13:26:09'),
(49, 'QNI', 'Quảng Ninh', 'quang-ninh', 49, '2017-04-27 13:26:09', '2017-04-27 13:26:09'),
(50, 'QT', 'Quảng Trị', 'quang-tri', 50, '2017-04-27 13:26:09', '2017-04-27 13:26:09'),
(51, 'ST', 'Sóc Trăng', 'soc-trang', 51, '2017-04-27 13:26:09', '2017-04-27 13:26:09'),
(52, 'SL', 'Sơn La', 'son-la', 52, '2017-04-27 13:26:09', '2017-04-27 13:26:09'),
(53, 'TNI', 'Tây Ninh', 'tay-ninh', 53, '2017-04-27 13:26:09', '2017-04-27 13:26:09'),
(54, 'TB', 'Thái Bình', 'thai-binh', 54, '2017-04-27 13:26:09', '2017-04-27 13:26:09'),
(55, 'TN', 'Thái Nguyên', 'thai-nguyen', 55, '2017-04-27 13:26:09', '2017-04-27 13:26:09'),
(56, 'TH', 'Thanh Hóa', 'thanh-hoa', 56, '2017-04-27 13:26:09', '2017-04-27 13:26:09'),
(57, 'TTH', 'Thừa Thiên Huế', 'thua-thien-hue', 57, '2017-04-27 13:26:09', '2017-04-27 13:26:09'),
(58, 'TG', 'Tiền Giang', 'tien-giang', 58, '2017-04-27 13:26:09', '2017-04-27 13:26:09'),
(59, 'TV', 'Trà Vinh', 'tra-vinh', 59, '2017-04-27 13:26:09', '2017-04-27 13:26:09'),
(60, 'TQ', 'Tuyên Quang', 'tuyen-quang', 60, '2017-04-27 13:26:09', '2017-04-27 13:26:09'),
(61, 'VL', 'Vĩnh Long', 'vinh-long', 61, '2017-04-27 13:26:09', '2017-04-27 13:26:09'),
(62, 'VP', 'Vĩnh Phúc', 'vinh-phuc', 62, '2017-04-27 13:26:09', '2017-04-27 13:26:09'),
(63, 'YB', 'Yên Bái', 'yen-bai', 63, '2017-04-27 13:26:09', '2017-04-27 13:26:09');

-- --------------------------------------------------------

--
-- Table structure for table `contact`
--

CREATE TABLE `contact` (
  `id` int(11) NOT NULL,
  `type` tinyint(4) NOT NULL,
  `title` varchar(255) NOT NULL,
  `gender` tinyint(1) NOT NULL DEFAULT '1',
  `full_name` varchar(255) NOT NULL,
  `email` varchar(255) NOT NULL,
  `phone` varchar(20) NOT NULL,
  `content` text NOT NULL,
  `status` tinyint(1) NOT NULL DEFAULT '1',
  `created_at` datetime NOT NULL,
  `updated_at` datetime NOT NULL,
  `updated_user` int(11) NOT NULL
) ENGINE=InnoDB DEFAULT CHARSET=utf8;

-- --------------------------------------------------------

--
-- Table structure for table `customers`
--

CREATE TABLE `customers` (
  `id` int(11) NOT NULL,
  `name` varchar(255) NOT NULL,
  `address` varchar(255) DEFAULT NULL,
  `phone` varchar(20) DEFAULT NULL,
  `email` varchar(255) DEFAULT NULL,
  `gender` tinyint(1) NOT NULL,
  `status` tinyint(1) NOT NULL,
  `birthday` varchar(20) NOT NULL,
  `cmnd` varchar(20) DEFAULT NULL,
  `is_main` tinyint(1) DEFAULT NULL,
  `created_at` int(11) NOT NULL,
  `updated_at` int(11) NOT NULL,
  `user_id` int(11) NOT NULL
) ENGINE=InnoDB DEFAULT CHARSET=utf8;

-- --------------------------------------------------------

--
-- Table structure for table `custom_link`
--

CREATE TABLE `custom_link` (
  `id` int(11) NOT NULL,
  `link_text` varchar(255) NOT NULL,
  `link_url` varchar(255) NOT NULL,
  `display_order` int(11) NOT NULL,
  `block_id` int(11) NOT NULL COMMENT '1 : lien ket noi bat'
) ENGINE=InnoDB DEFAULT CHARSET=utf8;

-- --------------------------------------------------------

--
-- Table structure for table `district`
--

CREATE TABLE `district` (
  `id` int(11) NOT NULL,
  `name` varchar(255) NOT NULL,
  `slug` varchar(255) DEFAULT NULL,
  `meta_id` int(11) DEFAULT NULL,
  `id_dothi` int(11) NOT NULL,
  `city_id` int(11) NOT NULL,
  `display_order` int(11) NOT NULL,
  `status` tinyint(1) NOT NULL,
  `created_at` datetime DEFAULT NULL,
  `updated_at` datetime DEFAULT NULL
) ENGINE=MyISAM DEFAULT CHARSET=utf8;

--
-- Dumping data for table `district`
--

INSERT INTO `district` (`id`, `name`, `slug`, `meta_id`, `id_dothi`, `city_id`, `display_order`, `status`, `created_at`, `updated_at`) VALUES
(1, 'Quận 1', 'quan-1', NULL, 53, 1, 1, 0, '2017-04-27 13:46:49', '2017-04-27 13:46:49'),
(2, 'Quận 2', 'quan-2', NULL, 54, 1, 2, 1, '2017-04-27 13:46:49', '2017-04-27 13:46:49'),
(3, 'Quận 3', 'quan-3', NULL, 55, 1, 3, 0, '2017-04-27 13:46:49', '2017-04-27 13:46:49'),
(4, 'Quận 4', 'quan-4', NULL, 56, 1, 4, 0, '2017-04-27 13:46:49', '2017-04-27 13:46:49'),
(5, 'Quận 5', 'quan-5', NULL, 57, 1, 5, 0, '2017-04-27 13:46:49', '2017-04-27 13:46:49'),
(6, 'Quận 6', 'quan-6', NULL, 58, 1, 6, 0, '2017-04-27 13:46:49', '2017-04-27 13:46:49'),
(7, 'Quận 7', 'quan-7', NULL, 59, 1, 7, 0, '2017-04-27 13:46:49', '2017-04-27 13:46:49'),
(8, 'Quận 8', 'quan-8', NULL, 60, 1, 8, 0, '2017-04-27 13:46:49', '2017-04-27 13:46:49'),
(9, 'Quận 9', 'quan-9', NULL, 61, 1, 9, 1, '2017-04-27 13:46:49', '2017-04-27 13:46:49'),
(10, 'Quận 10', 'quan-10', NULL, 62, 1, 10, 0, '2017-04-27 13:46:49', '2017-04-27 13:46:49'),
(11, 'Quận 11', 'quan-11', NULL, 63, 1, 11, 0, '2017-04-27 13:46:49', '2017-04-27 13:46:49'),
(12, 'Quận 12', 'quan-12', NULL, 64, 1, 12, 0, '2017-04-27 13:46:49', '2017-04-27 13:46:49'),
(13, 'Bình Tân', 'binh-tan', NULL, 65, 1, 13, 0, '2017-04-27 13:46:49', '2017-04-27 13:46:49'),
(14, 'Bình Thạnh', 'binh-thanh', NULL, 66, 1, 14, 0, '2017-04-27 13:46:49', '2017-04-27 13:46:49'),
(15, 'Gò Vấp', 'go-vap', NULL, 67, 1, 15, 0, '2017-04-27 13:46:49', '2017-04-27 13:46:49'),
(16, 'Phú Nhuận', 'phu-nhuan', NULL, 68, 1, 16, 0, '2017-04-27 13:46:49', '2017-04-27 13:46:49'),
(17, 'Tân Bình', 'tan-binh', NULL, 69, 1, 17, 0, '2017-04-27 13:46:49', '2017-04-27 13:46:49'),
(18, 'Tân Phú', 'tan-phu', NULL, 70, 1, 18, 0, '2017-04-27 13:46:49', '2017-04-27 13:46:49'),
(19, 'Thủ Đức', 'thu-duc', NULL, 71, 1, 19, 1, '2017-04-27 13:46:49', '2017-04-27 13:46:49'),
(20, 'Bình Chánh', 'binh-chanh', NULL, 72, 1, 20, 0, '2017-04-27 13:46:49', '2017-04-27 13:46:49'),
(21, 'Cần Giờ', 'can-gio', NULL, 73, 1, 21, 0, '2017-04-27 13:46:49', '2017-04-27 13:46:49'),
(22, 'Củ Chi', 'cu-chi', NULL, 74, 1, 22, 0, '2017-04-27 13:46:49', '2017-04-27 13:46:49'),
(23, 'Hóc Môn', 'hoc-mon', NULL, 75, 1, 23, 0, '2017-04-27 13:46:49', '2017-04-27 13:46:49'),
(24, 'Nhà Bè', 'nha-be', NULL, 76, 1, 24, 0, '2017-04-27 13:46:49', '2017-04-27 13:46:49'),
(25, 'Hoàn Kiếm', 'hoan-kiem', NULL, 1, 2, 1, 0, '2017-04-27 13:46:49', '2017-04-27 13:46:49'),
(26, 'Ba Đình', 'ba-dinh', NULL, 2, 2, 2, 0, '2017-04-27 13:46:49', '2017-04-27 13:46:49'),
(27, 'Đống Đa', 'dong-da', NULL, 3, 2, 3, 0, '2017-04-27 13:46:49', '2017-04-27 13:46:49'),
(28, 'Hai Bà Trưng', 'hai-ba-trung', NULL, 4, 2, 4, 0, '2017-04-27 13:46:49', '2017-04-27 13:46:49'),
(29, 'Thanh Xuân', 'thanh-xuan', NULL, 5, 2, 5, 0, '2017-04-27 13:46:49', '2017-04-27 13:46:49'),
(30, 'Tây Hồ', 'tay-ho', NULL, 6, 2, 6, 0, '2017-04-27 13:46:49', '2017-04-27 13:46:49'),
(31, 'Cầu Giấy', 'cau-giay', NULL, 7, 2, 7, 0, '2017-04-27 13:46:49', '2017-04-27 13:46:49'),
(32, 'Hoàng Mai', 'hoang-mai', NULL, 8, 2, 8, 0, '2017-04-27 13:46:49', '2017-04-27 13:46:49'),
(33, 'Long Biên', 'long-bien', NULL, 9, 2, 9, 0, '2017-04-27 13:46:49', '2017-04-27 13:46:49'),
(34, 'Đông Anh', 'dong-anh', NULL, 10, 2, 10, 0, '2017-04-27 13:46:49', '2017-04-27 13:46:49'),
(35, 'Gia Lâm', 'gia-lam', NULL, 11, 2, 11, 0, '2017-04-27 13:46:49', '2017-04-27 13:46:49'),
(36, 'Sóc Sơn', 'soc-son', NULL, 12, 2, 12, 0, '2017-04-27 13:46:49', '2017-04-27 13:46:49'),
(37, 'Thanh Trì', 'thanh-tri', NULL, 13, 2, 13, 0, '2017-04-27 13:46:49', '2017-04-27 13:46:49'),
(38, 'Bắc Từ Liêm', 'bac-tu-liem', NULL, 718, 2, 14, 0, '2017-04-27 13:46:49', '2017-04-27 13:46:49'),
(39, 'Nam Từ Liêm', 'nam-tu-liem', NULL, 14, 2, 15, 0, '2017-04-27 13:46:49', '2017-04-27 13:46:49'),
(40, 'Hà Đông', 'ha-dong', NULL, 15, 2, 16, 0, '2017-04-27 13:46:49', '2017-04-27 13:46:49'),
(41, 'Sơn Tây', 'son-tay', NULL, 16, 2, 17, 0, '2017-04-27 13:46:49', '2017-04-27 13:46:49'),
(42, 'Mê Linh', 'me-linh', NULL, 17, 2, 18, 0, '2017-04-27 13:46:49', '2017-04-27 13:46:49'),
(43, 'Ba Vì', 'ba-vi', NULL, 18, 2, 19, 0, '2017-04-27 13:46:49', '2017-04-27 13:46:49'),
(44, 'Phúc Thọ', 'phuc-tho', NULL, 19, 2, 20, 0, '2017-04-27 13:46:49', '2017-04-27 13:46:49'),
(45, 'Đan Phượng', 'dan-phuong', NULL, 20, 2, 21, 0, '2017-04-27 13:46:49', '2017-04-27 13:46:49'),
(46, 'Hoài Đức', 'hoai-duc', NULL, 21, 2, 22, 0, '2017-04-27 13:46:49', '2017-04-27 13:46:49'),
(47, 'Quốc Oai', 'quoc-oai', NULL, 22, 2, 23, 0, '2017-04-27 13:46:49', '2017-04-27 13:46:49'),
(48, 'Thạch Thất', 'thach-that', NULL, 23, 2, 24, 0, '2017-04-27 13:46:49', '2017-04-27 13:46:49'),
(49, 'Chương Mỹ', 'chuong-my', NULL, 24, 2, 25, 0, '2017-04-27 13:46:49', '2017-04-27 13:46:49'),
(50, 'Thanh Oai', 'thanh-oai', NULL, 25, 2, 26, 0, '2017-04-27 13:46:49', '2017-04-27 13:46:49'),
(51, 'Thường Tín', 'thuong-tin', NULL, 26, 2, 27, 0, '2017-04-27 13:46:49', '2017-04-27 13:46:49'),
(52, 'Phú Xuyên', 'phu-xuyen', NULL, 27, 2, 28, 0, '2017-04-27 13:46:49', '2017-04-27 13:46:49'),
(53, 'Ứng Hòa', 'ung-hoa', NULL, 28, 2, 29, 0, '2017-04-27 13:46:49', '2017-04-27 13:46:49'),
(54, 'Mỹ Đức', 'my-duc', NULL, 29, 2, 30, 0, '2017-04-27 13:46:49', '2017-04-27 13:46:49'),
(55, 'Bến Cát', 'ben-cat', NULL, 156, 3, 1, 0, '2017-04-27 13:46:49', '2017-04-27 13:46:49'),
(56, 'Dầu Tiếng', 'dau-tieng', NULL, 157, 3, 2, 0, '2017-04-27 13:46:49', '2017-04-27 13:46:49'),
(57, 'Dĩ An', 'di-an', NULL, 158, 3, 3, 0, '2017-04-27 13:46:49', '2017-04-27 13:46:49'),
(58, 'Phú Giáo', 'phu-giao', NULL, 159, 3, 4, 0, '2017-04-27 13:46:49', '2017-04-27 13:46:49'),
(59, 'Tân Uyên', 'tan-uyen', NULL, 160, 3, 5, 0, '2017-04-27 13:46:49', '2017-04-27 13:46:49'),
(60, 'Thuận An', 'thuan-an', NULL, 161, 3, 6, 0, '2017-04-27 13:46:49', '2017-04-27 13:46:49'),
(61, 'Thủ Dầu Một', 'thu-dau-mot', NULL, 163, 3, 7, 0, '2017-04-27 13:46:49', '2017-04-27 13:46:49'),
(62, 'Bàu Bàng', 'bau-bang', NULL, 716, 3, 8, 0, '2017-04-27 13:46:49', '2017-04-27 13:46:49'),
(63, 'Cẩm Lệ', 'cam-le', NULL, 45, 4, 1, 0, '2017-04-27 13:46:49', '2017-04-27 13:46:49'),
(64, 'Hải Châu', 'hai-chau', NULL, 46, 4, 2, 0, '2017-04-27 13:46:49', '2017-04-27 13:46:49'),
(65, 'Liên Chiểu', 'lien-chieu', NULL, 47, 4, 3, 0, '2017-04-27 13:46:49', '2017-04-27 13:46:49'),
(66, 'Ngũ Hành Sơn', 'ngu-hanh-son', NULL, 48, 4, 4, 0, '2017-04-27 13:46:49', '2017-04-27 13:46:49'),
(67, 'Sơn Trà', 'son-tra', NULL, 49, 4, 5, 0, '2017-04-27 13:46:49', '2017-04-27 13:46:49'),
(68, 'Thanh Khê', 'thanh-khe', NULL, 50, 4, 6, 0, '2017-04-27 13:46:49', '2017-04-27 13:46:49'),
(69, 'Hòa Vang', 'hoa-vang', NULL, 51, 4, 7, 0, '2017-04-27 13:46:49', '2017-04-27 13:46:49'),
(70, 'Hoàng Sa', 'hoang-sa', NULL, 52, 4, 8, 0, '2017-04-27 13:46:49', '2017-04-27 13:46:49'),
(71, 'Đồ Sơn', 'do-son', NULL, 30, 5, 1, 0, '2017-04-27 13:46:49', '2017-04-27 13:46:49'),
(72, 'Dương Kinh', 'duong-kinh', NULL, 31, 5, 2, 0, '2017-04-27 13:46:49', '2017-04-27 13:46:49'),
(73, 'Hải An', 'hai-an', NULL, 32, 5, 3, 0, '2017-04-27 13:46:49', '2017-04-27 13:46:49'),
(74, 'Hồng Bàng', 'hong-bang', NULL, 33, 5, 4, 0, '2017-04-27 13:46:49', '2017-04-27 13:46:49'),
(75, 'Kiến An', 'kien-an', NULL, 34, 5, 5, 0, '2017-04-27 13:46:49', '2017-04-27 13:46:49'),
(76, 'Lê Chân', 'le-chan', NULL, 35, 5, 6, 0, '2017-04-27 13:46:49', '2017-04-27 13:46:49'),
(77, 'Ngô Quyền', 'ngo-quyen', NULL, 36, 5, 7, 0, '2017-04-27 13:46:49', '2017-04-27 13:46:49'),
(78, 'An Dương', 'an-duong', NULL, 37, 5, 8, 0, '2017-04-27 13:46:49', '2017-04-27 13:46:49'),
(79, 'An Lão', 'an-lao', NULL, 38, 5, 9, 0, '2017-04-27 13:46:49', '2017-04-27 13:46:49'),
(80, 'Bạch Long Vĩ', 'bach-long-vi', NULL, 39, 5, 10, 0, '2017-04-27 13:46:49', '2017-04-27 13:46:49'),
(81, 'Cát Hải', 'cat-hai', NULL, 40, 5, 11, 0, '2017-04-27 13:46:49', '2017-04-27 13:46:49'),
(82, 'Kiến Thụy', 'kien-thuy', NULL, 41, 5, 12, 0, '2017-04-27 13:46:49', '2017-04-27 13:46:49'),
(83, 'Thủy Nguyên', 'thuy-nguyen', NULL, 42, 5, 13, 0, '2017-04-27 13:46:49', '2017-04-27 13:46:49'),
(84, 'Tiên Lãng', 'tien-lang', NULL, 43, 5, 14, 0, '2017-04-27 13:46:49', '2017-04-27 13:46:49'),
(85, 'Vĩnh Bảo', 'vinh-bao', NULL, 44, 5, 15, 0, '2017-04-27 13:46:49', '2017-04-27 13:46:49'),
(86, 'Bến Lức', 'ben-luc', NULL, 415, 6, 1, 0, '2017-04-27 13:46:50', '2017-04-27 13:46:50'),
(87, 'Cần Đước', 'can-duoc', NULL, 416, 6, 2, 0, '2017-04-27 13:46:50', '2017-04-27 13:46:50'),
(88, 'Cần Giuộc', 'can-giuoc', NULL, 417, 6, 3, 0, '2017-04-27 13:46:50', '2017-04-27 13:46:50'),
(89, 'Châu Thành', 'chau-thanh', NULL, 418, 6, 4, 0, '2017-04-27 13:46:50', '2017-04-27 13:46:50'),
(90, 'Đức Hòa', 'duc-hoa', NULL, 419, 6, 5, 0, '2017-04-27 13:46:50', '2017-04-27 13:46:50'),
(91, 'Đức Huệ', 'duc-hue', NULL, 420, 6, 6, 0, '2017-04-27 13:46:50', '2017-04-27 13:46:50'),
(92, 'Mộc Hóa', 'moc-hoa', NULL, 421, 6, 7, 0, '2017-04-27 13:46:50', '2017-04-27 13:46:50'),
(93, 'Tân Hưng', 'tan-hung', NULL, 422, 6, 8, 0, '2017-04-27 13:46:50', '2017-04-27 13:46:50'),
(94, 'Tân Thạnh', 'tan-thanh', NULL, 423, 6, 9, 0, '2017-04-27 13:46:50', '2017-04-27 13:46:50'),
(95, 'Tân Trụ', 'tan-tru', NULL, 424, 6, 10, 0, '2017-04-27 13:46:50', '2017-04-27 13:46:50'),
(96, 'Thạnh Hóa', 'thanh-hoa', NULL, 425, 6, 11, 0, '2017-04-27 13:46:50', '2017-04-27 13:46:50'),
(97, 'Thủ Thừa', 'thu-thua', NULL, 426, 6, 12, 0, '2017-04-27 13:46:50', '2017-04-27 13:46:50'),
(98, 'Vĩnh Hưng', 'vinh-hung', NULL, 427, 6, 13, 0, '2017-04-27 13:46:50', '2017-04-27 13:46:50'),
(99, 'Tân An', 'tan-an', NULL, 429, 6, 14, 0, '2017-04-27 13:46:50', '2017-04-27 13:46:50'),
(100, 'Kiến Tường', 'kien-tuong', NULL, 724, 6, 15, 0, '2017-04-27 13:46:50', '2017-04-27 13:46:50'),
(101, 'Châu Đức', 'chau-duc', NULL, 96, 7, 1, 0, '2017-04-27 13:46:50', '2017-04-27 13:46:50'),
(102, 'Côn Đảo', 'con-dao', NULL, 97, 7, 2, 0, '2017-04-27 13:46:50', '2017-04-27 13:46:50'),
(103, 'Đất Đỏ', 'dat-do', NULL, 98, 7, 3, 0, '2017-04-27 13:46:50', '2017-04-27 13:46:50'),
(104, 'Long Điền', 'long-dien', NULL, 99, 7, 4, 0, '2017-04-27 13:46:50', '2017-04-27 13:46:50'),
(105, 'Tân Thành', 'tan-thanh', NULL, 100, 7, 5, 0, '2017-04-27 13:46:50', '2017-04-27 13:46:50'),
(106, 'Xuyên Mộc', 'xuyen-moc', NULL, 101, 7, 6, 0, '2017-04-27 13:46:50', '2017-04-27 13:46:50'),
(107, 'Vũng Tàu', 'vung-tau', NULL, 102, 7, 7, 0, '2017-04-27 13:46:50', '2017-04-27 13:46:50'),
(108, 'Bà Rịa', 'ba-ria', NULL, 103, 7, 8, 0, '2017-04-27 13:46:50', '2017-04-27 13:46:50'),
(109, 'An Phú', 'an-phu', NULL, 85, 8, 1, 0, '2017-04-27 13:46:50', '2017-04-27 13:46:50'),
(110, 'Châu Phú', 'chau-phu', NULL, 86, 8, 2, 0, '2017-04-27 13:46:50', '2017-04-27 13:46:50'),
(111, 'Châu Thành', 'chau-thanh', NULL, 87, 8, 3, 0, '2017-04-27 13:46:50', '2017-04-27 13:46:50'),
(112, 'Chợ Mới', 'cho-moi', NULL, 88, 8, 4, 0, '2017-04-27 13:46:50', '2017-04-27 13:46:50'),
(113, 'Tri Tôn', 'tri-ton', NULL, 89, 8, 5, 0, '2017-04-27 13:46:50', '2017-04-27 13:46:50'),
(114, 'Phú Tân', 'phu-tan', NULL, 90, 8, 6, 0, '2017-04-27 13:46:50', '2017-04-27 13:46:50'),
(115, 'Tân Châu', 'tan-chau', NULL, 91, 8, 7, 0, '2017-04-27 13:46:50', '2017-04-27 13:46:50'),
(116, 'Thoại Sơn', 'thoai-son', NULL, 92, 8, 8, 0, '2017-04-27 13:46:50', '2017-04-27 13:46:50'),
(117, 'Tịnh Biên', 'tinh-bien', NULL, 93, 8, 9, 0, '2017-04-27 13:46:50', '2017-04-27 13:46:50'),
(118, 'Long Xuyên', 'long-xuyen', NULL, 94, 8, 10, 0, '2017-04-27 13:46:50', '2017-04-27 13:46:50'),
(119, 'Châu Đốc', 'chau-doc', NULL, 95, 8, 11, 0, '2017-04-27 13:46:50', '2017-04-27 13:46:50'),
(120, 'Hiệp Hòa', 'hiep-hoa', NULL, 104, 9, 1, 0, '2017-04-27 13:46:50', '2017-04-27 13:46:50'),
(121, 'Lạng Giang', 'lang-giang', NULL, 105, 9, 2, 0, '2017-04-27 13:46:50', '2017-04-27 13:46:50'),
(122, 'Lục Nam', 'luc-nam', NULL, 106, 9, 3, 0, '2017-04-27 13:46:50', '2017-04-27 13:46:50'),
(123, 'Lục Ngạn', 'luc-ngan', NULL, 107, 9, 4, 0, '2017-04-27 13:46:50', '2017-04-27 13:46:50'),
(124, 'Sơn Động', 'son-dong', NULL, 108, 9, 5, 0, '2017-04-27 13:46:50', '2017-04-27 13:46:50'),
(125, 'Tân Yên', 'tan-yen', NULL, 109, 9, 6, 0, '2017-04-27 13:46:50', '2017-04-27 13:46:50'),
(126, 'Việt Yên', 'viet-yen', NULL, 110, 9, 7, 0, '2017-04-27 13:46:50', '2017-04-27 13:46:50'),
(127, 'Yên Dũng', 'yen-dung', NULL, 111, 9, 8, 0, '2017-04-27 13:46:50', '2017-04-27 13:46:50'),
(128, 'Yên Thế', 'yen-the', NULL, 112, 9, 9, 0, '2017-04-27 13:46:50', '2017-04-27 13:46:50'),
(129, 'Bắc Giang', 'bac-giang', NULL, 113, 9, 10, 0, '2017-04-27 13:46:50', '2017-04-27 13:46:50'),
(130, 'Ba Bể', 'ba-be', NULL, 114, 10, 1, 0, '2017-04-27 13:46:50', '2017-04-27 13:46:50'),
(131, 'Bạch Thông', 'bach-thong', NULL, 115, 10, 2, 0, '2017-04-27 13:46:50', '2017-04-27 13:46:50'),
(132, 'Chợ Đồn', 'cho-don', NULL, 116, 10, 3, 0, '2017-04-27 13:46:50', '2017-04-27 13:46:50'),
(133, 'Chợ Mới', 'cho-moi', NULL, 117, 10, 4, 0, '2017-04-27 13:46:50', '2017-04-27 13:46:50'),
(134, 'Na Rì', 'na-ri', NULL, 118, 10, 5, 0, '2017-04-27 13:46:50', '2017-04-27 13:46:50'),
(135, 'Ngân Sơn', 'ngan-son', NULL, 119, 10, 6, 0, '2017-04-27 13:46:50', '2017-04-27 13:46:50'),
(136, 'Pác Nặm', 'pac-nam', NULL, 120, 10, 7, 0, '2017-04-27 13:46:50', '2017-04-27 13:46:50'),
(137, 'Bắc Kạn', 'bac-kan', NULL, 121, 10, 8, 0, '2017-04-27 13:46:50', '2017-04-27 13:46:50'),
(138, 'Đông Hải', 'dong-hai', NULL, 122, 11, 1, 0, '2017-04-27 13:46:50', '2017-04-27 13:46:50'),
(139, 'Giá Rai', 'gia-rai', NULL, 123, 11, 2, 0, '2017-04-27 13:46:50', '2017-04-27 13:46:50'),
(140, 'Hòa Bình', 'hoa-binh', NULL, 124, 11, 3, 0, '2017-04-27 13:46:50', '2017-04-27 13:46:50'),
(141, 'Hồng Dân', 'hong-dan', NULL, 125, 11, 4, 0, '2017-04-27 13:46:50', '2017-04-27 13:46:50'),
(142, 'Phước Long', 'phuoc-long', NULL, 126, 11, 5, 0, '2017-04-27 13:46:50', '2017-04-27 13:46:50'),
(143, 'Vĩnh Lợi', 'vinh-loi', NULL, 127, 11, 6, 0, '2017-04-27 13:46:50', '2017-04-27 13:46:50'),
(144, 'Bạc Liêu', 'bac-lieu', NULL, 128, 11, 7, 0, '2017-04-27 13:46:50', '2017-04-27 13:46:50'),
(145, 'Gia Bình', 'gia-binh', NULL, 129, 12, 1, 0, '2017-04-27 13:46:51', '2017-04-27 13:46:51'),
(146, 'Lương Tài', 'luong-tai', NULL, 130, 12, 2, 0, '2017-04-27 13:46:51', '2017-04-27 13:46:51'),
(147, 'Quế Võ', 'que-vo', NULL, 131, 12, 3, 0, '2017-04-27 13:46:51', '2017-04-27 13:46:51'),
(148, 'Thuận Thành', 'thuan-thanh', NULL, 132, 12, 4, 0, '2017-04-27 13:46:51', '2017-04-27 13:46:51'),
(149, 'Tiên Du', 'tien-du', NULL, 133, 12, 5, 0, '2017-04-27 13:46:51', '2017-04-27 13:46:51'),
(150, 'Từ Sơn', 'tu-son', NULL, 134, 12, 6, 0, '2017-04-27 13:46:51', '2017-04-27 13:46:51'),
(151, 'Yên Phong', 'yen-phong', NULL, 135, 12, 7, 0, '2017-04-27 13:46:51', '2017-04-27 13:46:51'),
(152, 'Bắc Ninh', 'bac-ninh', NULL, 136, 12, 8, 0, '2017-04-27 13:46:51', '2017-04-27 13:46:51'),
(153, 'Ba Tri', 'ba-tri', NULL, 137, 13, 1, 0, '2017-04-27 13:46:51', '2017-04-27 13:46:51'),
(154, 'Bình Đại', 'binh-dai', NULL, 138, 13, 2, 0, '2017-04-27 13:46:51', '2017-04-27 13:46:51'),
(155, 'Châu Thành', 'chau-thanh', NULL, 139, 13, 3, 0, '2017-04-27 13:46:51', '2017-04-27 13:46:51'),
(156, 'Chợ Lách', 'cho-lach', NULL, 140, 13, 4, 0, '2017-04-27 13:46:51', '2017-04-27 13:46:51'),
(157, 'Giồng Trôm', 'giong-trom', NULL, 141, 13, 5, 0, '2017-04-27 13:46:51', '2017-04-27 13:46:51'),
(158, 'Thạnh Phú', 'thanh-phu', NULL, 143, 13, 6, 0, '2017-04-27 13:46:51', '2017-04-27 13:46:51'),
(159, 'Bến Tre', 'ben-tre', NULL, 144, 13, 7, 0, '2017-04-27 13:46:51', '2017-04-27 13:46:51'),
(160, 'Mỏ Cày Bắc', 'mo-cay-bac', NULL, 705, 13, 8, 0, '2017-04-27 13:46:51', '2017-04-27 13:46:51'),
(161, 'Mỏ Cày Nam', 'mo-cay-nam', NULL, 706, 13, 9, 0, '2017-04-27 13:46:51', '2017-04-27 13:46:51'),
(162, 'An Lão', 'an-lao', NULL, 145, 14, 1, 0, '2017-04-27 13:46:51', '2017-04-27 13:46:51'),
(163, 'An Nhơn', 'an-nhon', NULL, 146, 14, 2, 0, '2017-04-27 13:46:51', '2017-04-27 13:46:51'),
(164, 'Hoài Ân', 'hoai-an', NULL, 147, 14, 3, 0, '2017-04-27 13:46:51', '2017-04-27 13:46:51'),
(165, 'Hoài Nhơn', 'hoai-nhon', NULL, 148, 14, 4, 0, '2017-04-27 13:46:51', '2017-04-27 13:46:51'),
(166, 'Phù Cát', 'phu-cat', NULL, 149, 14, 5, 0, '2017-04-27 13:46:51', '2017-04-27 13:46:51'),
(167, 'Phù Mỹ', 'phu-my', NULL, 150, 14, 6, 0, '2017-04-27 13:46:51', '2017-04-27 13:46:51'),
(168, 'Tây Sơn', 'tay-son', NULL, 151, 14, 7, 0, '2017-04-27 13:46:51', '2017-04-27 13:46:51'),
(169, 'Tuy Phước', 'tuy-phuoc', NULL, 152, 14, 8, 0, '2017-04-27 13:46:51', '2017-04-27 13:46:51'),
(170, 'Vân Canh', 'van-canh', NULL, 153, 14, 9, 0, '2017-04-27 13:46:51', '2017-04-27 13:46:51'),
(171, 'Vĩnh Thạnh', 'vinh-thanh', NULL, 154, 14, 10, 0, '2017-04-27 13:46:51', '2017-04-27 13:46:51'),
(172, 'Quy Nhơn', 'quy-nhon', NULL, 155, 14, 11, 0, '2017-04-27 13:46:51', '2017-04-27 13:46:51'),
(173, 'Bình Long', 'binh-long', NULL, 164, 15, 1, 0, '2017-04-27 13:46:51', '2017-04-27 13:46:51'),
(174, 'Bù Đăng', 'bu-dang', NULL, 165, 15, 2, 0, '2017-04-27 13:46:51', '2017-04-27 13:46:51'),
(175, 'Bù Đốp', 'bu-dop', NULL, 166, 15, 3, 0, '2017-04-27 13:46:51', '2017-04-27 13:46:51'),
(176, 'Chơn Thành', 'chon-thanh', NULL, 167, 15, 4, 0, '2017-04-27 13:46:51', '2017-04-27 13:46:51'),
(177, 'Đồng Phú', 'dong-phu', NULL, 168, 15, 5, 0, '2017-04-27 13:46:51', '2017-04-27 13:46:51'),
(178, 'Lộc Ninh', 'loc-ninh', NULL, 169, 15, 6, 0, '2017-04-27 13:46:51', '2017-04-27 13:46:51'),
(179, 'Phước Long', 'phuoc-long', NULL, 170, 15, 7, 0, '2017-04-27 13:46:51', '2017-04-27 13:46:51'),
(180, 'Đồng Xoài', 'dong-xoai', NULL, 171, 15, 8, 0, '2017-04-27 13:46:51', '2017-04-27 13:46:51'),
(181, 'Hớn Quản', 'hon-quan', NULL, 698, 15, 9, 0, '2017-04-27 13:46:51', '2017-04-27 13:46:51'),
(182, 'Bù Gia Mập', 'bu-gia-map', NULL, 699, 15, 10, 0, '2017-04-27 13:46:51', '2017-04-27 13:46:51'),
(183, 'Bắc Bình', 'bac-binh', NULL, 172, 16, 1, 0, '2017-04-27 13:46:51', '2017-04-27 13:46:51'),
(184, 'Đảo Phú Quý', 'dao-phu-quy', NULL, 173, 16, 2, 0, '2017-04-27 13:46:51', '2017-04-27 13:46:51'),
(185, 'Đức Linh', 'duc-linh', NULL, 174, 16, 3, 0, '2017-04-27 13:46:51', '2017-04-27 13:46:51'),
(186, 'Hàm Tân', 'ham-tan', NULL, 175, 16, 4, 0, '2017-04-27 13:46:51', '2017-04-27 13:46:51'),
(187, 'Hàm Thuận Bắc', 'ham-thuan-bac', NULL, 176, 16, 5, 0, '2017-04-27 13:46:51', '2017-04-27 13:46:51'),
(188, 'Hàm Thuận Nam', 'ham-thuan-nam', NULL, 177, 16, 6, 0, '2017-04-27 13:46:51', '2017-04-27 13:46:51'),
(189, 'Tánh Linh', 'tanh-linh', NULL, 178, 16, 7, 0, '2017-04-27 13:46:51', '2017-04-27 13:46:51'),
(190, 'Tuy Phong', 'tuy-phong', NULL, 179, 16, 8, 0, '2017-04-27 13:46:51', '2017-04-27 13:46:51'),
(191, 'Phan Thiết', 'phan-thiet', NULL, 181, 16, 9, 0, '2017-04-27 13:46:51', '2017-04-27 13:46:51'),
(192, 'La Gi', 'la-gi', NULL, 182, 16, 10, 0, '2017-04-27 13:46:51', '2017-04-27 13:46:51'),
(193, 'Cái Nước', 'cai-nuoc', NULL, 183, 17, 1, 0, '2017-04-27 13:46:51', '2017-04-27 13:46:51'),
(194, 'Đầm Dơi', 'dam-doi', NULL, 184, 17, 2, 0, '2017-04-27 13:46:51', '2017-04-27 13:46:51'),
(195, 'Năm Căn', 'nam-can', NULL, 185, 17, 3, 0, '2017-04-27 13:46:51', '2017-04-27 13:46:51'),
(196, 'Ngọc Hiển', 'ngoc-hien', NULL, 186, 17, 4, 0, '2017-04-27 13:46:51', '2017-04-27 13:46:51'),
(197, 'Phú Tân', 'phu-tan', NULL, 187, 17, 5, 0, '2017-04-27 13:46:51', '2017-04-27 13:46:51'),
(198, 'Thới Bình', 'thoi-binh', NULL, 188, 17, 6, 0, '2017-04-27 13:46:51', '2017-04-27 13:46:51'),
(199, 'Trần Văn Thời', 'tran-van-thoi', NULL, 189, 17, 7, 0, '2017-04-27 13:46:52', '2017-04-27 13:46:52'),
(200, 'U Minh', 'u-minh', NULL, 190, 17, 8, 0, '2017-04-27 13:46:52', '2017-04-27 13:46:52'),
(201, 'Cà Mau', 'ca-mau', NULL, 191, 17, 9, 0, '2017-04-27 13:46:52', '2017-04-27 13:46:52'),
(202, 'Cờ Đỏ', 'co-do', NULL, 77, 18, 1, 0, '2017-04-27 13:46:52', '2017-04-27 13:46:52'),
(203, 'Phong Điền', 'phong-dien', NULL, 78, 18, 2, 0, '2017-04-27 13:46:52', '2017-04-27 13:46:52'),
(204, 'Thốt Nốt', 'thot-not', NULL, 79, 18, 3, 0, '2017-04-27 13:46:52', '2017-04-27 13:46:52'),
(205, 'Vĩnh Thạnh', 'vinh-thanh', NULL, 80, 18, 4, 0, '2017-04-27 13:46:52', '2017-04-27 13:46:52'),
(206, 'Bình Thủy', 'binh-thuy', NULL, 81, 18, 5, 0, '2017-04-27 13:46:52', '2017-04-27 13:46:52'),
(207, 'Cái Răng', 'cai-rang', NULL, 82, 18, 6, 0, '2017-04-27 13:46:52', '2017-04-27 13:46:52'),
(208, 'Ninh Kiều', 'ninh-kieu', NULL, 83, 18, 7, 0, '2017-04-27 13:46:52', '2017-04-27 13:46:52'),
(209, 'Ô Môn', 'o-mon', NULL, 84, 18, 8, 0, '2017-04-27 13:46:52', '2017-04-27 13:46:52'),
(210, ' Thới Lai', 'thoi-lai', NULL, 704, 18, 9, 0, '2017-04-27 13:46:52', '2017-04-27 13:46:52'),
(211, 'Bảo Lạc', 'bao-lac', NULL, 192, 19, 1, 0, '2017-04-27 13:46:52', '2017-04-27 13:46:52'),
(212, 'Bảo Lâm', 'bao-lam', NULL, 193, 19, 2, 0, '2017-04-27 13:46:52', '2017-04-27 13:46:52'),
(213, 'Hạ Lang', 'ha-lang', NULL, 194, 19, 3, 0, '2017-04-27 13:46:52', '2017-04-27 13:46:52'),
(214, 'Hà Quảng', 'ha-quang', NULL, 195, 19, 4, 0, '2017-04-27 13:46:52', '2017-04-27 13:46:52'),
(215, 'Hòa An', 'hoa-an', NULL, 196, 19, 5, 0, '2017-04-27 13:46:52', '2017-04-27 13:46:52'),
(216, 'Nguyên Bình', 'nguyen-binh', NULL, 197, 19, 6, 0, '2017-04-27 13:46:52', '2017-04-27 13:46:52'),
(217, 'Phục Hòa', 'phuc-hoa', NULL, 198, 19, 7, 0, '2017-04-27 13:46:52', '2017-04-27 13:46:52'),
(218, 'Quảng Uyên', 'quang-uyen', NULL, 199, 19, 8, 0, '2017-04-27 13:46:52', '2017-04-27 13:46:52'),
(219, 'Thạch An', 'thach-an', NULL, 200, 19, 9, 0, '2017-04-27 13:46:52', '2017-04-27 13:46:52'),
(220, 'Thông Nông', 'thong-nong', NULL, 201, 19, 10, 0, '2017-04-27 13:46:52', '2017-04-27 13:46:52'),
(221, 'Trà Lĩnh', 'tra-linh', NULL, 202, 19, 11, 0, '2017-04-27 13:46:52', '2017-04-27 13:46:52'),
(222, 'Trùng Khánh', 'trung-khanh', NULL, 203, 19, 12, 0, '2017-04-27 13:46:52', '2017-04-27 13:46:52'),
(223, 'Cao Bằng', 'cao-bang', NULL, 204, 19, 13, 0, '2017-04-27 13:46:52', '2017-04-27 13:46:52'),
(224, 'Buôn Đôn', 'buon-don', NULL, 205, 20, 1, 0, '2017-04-27 13:46:52', '2017-04-27 13:46:52'),
(225, 'Cư Kuin', 'cu-kuin', NULL, 206, 20, 2, 0, '2017-04-27 13:46:52', '2017-04-27 13:46:52'),
(226, 'Cư M\'gar', 'cu-mgar', NULL, 207, 20, 3, 0, '2017-04-27 13:46:52', '2017-04-27 13:46:52'),
(227, 'Ea H\'Leo', 'ea-hleo', NULL, 208, 20, 4, 0, '2017-04-27 13:46:52', '2017-04-27 13:46:52'),
(228, 'Ea Kar', 'ea-kar', NULL, 209, 20, 5, 0, '2017-04-27 13:46:52', '2017-04-27 13:46:52'),
(229, 'Ea Súp', 'ea-sup', NULL, 210, 20, 6, 0, '2017-04-27 13:46:52', '2017-04-27 13:46:52'),
(230, 'Krông Ana', 'krong-ana', NULL, 211, 20, 7, 0, '2017-04-27 13:46:52', '2017-04-27 13:46:52'),
(231, 'Krông Bông', 'krong-bong', NULL, 212, 20, 8, 0, '2017-04-27 13:46:52', '2017-04-27 13:46:52'),
(232, 'Krông Buk', 'krong-buk', NULL, 213, 20, 9, 0, '2017-04-27 13:46:52', '2017-04-27 13:46:52'),
(233, 'Krông Năng', 'krong-nang', NULL, 214, 20, 10, 0, '2017-04-27 13:46:52', '2017-04-27 13:46:52'),
(234, 'Krông Pắc', 'krong-pac', NULL, 215, 20, 11, 0, '2017-04-27 13:46:52', '2017-04-27 13:46:52'),
(235, 'Lăk', 'lak', NULL, 216, 20, 12, 0, '2017-04-27 13:46:52', '2017-04-27 13:46:52'),
(236, 'M\'Đrăk', 'mdrak', NULL, 217, 20, 13, 0, '2017-04-27 13:46:52', '2017-04-27 13:46:52'),
(237, 'Buôn Ma Thuột', 'buon-ma-thuot', NULL, 218, 20, 14, 0, '2017-04-27 13:46:52', '2017-04-27 13:46:52'),
(238, 'Buôn Hồ', 'buon-ho', NULL, 697, 20, 15, 0, '2017-04-27 13:46:52', '2017-04-27 13:46:52'),
(239, 'Cư Jút', 'cu-jut', NULL, 219, 21, 1, 0, '2017-04-27 13:46:52', '2017-04-27 13:46:52'),
(240, 'Dăk GLong', 'dak-glong', NULL, 220, 21, 2, 0, '2017-04-27 13:46:52', '2017-04-27 13:46:52'),
(241, 'Dăk Mil', 'dak-mil', NULL, 221, 21, 3, 0, '2017-04-27 13:46:52', '2017-04-27 13:46:52'),
(242, 'Dăk R\'Lấp', 'dak-rlap', NULL, 222, 21, 4, 0, '2017-04-27 13:46:52', '2017-04-27 13:46:52'),
(243, 'Dăk Song', 'dak-song', NULL, 223, 21, 5, 0, '2017-04-27 13:46:52', '2017-04-27 13:46:52'),
(244, 'Krông Nô', 'krong-no', NULL, 224, 21, 6, 0, '2017-04-27 13:46:52', '2017-04-27 13:46:52'),
(245, 'Tuy Đức', 'tuy-duc', NULL, 225, 21, 7, 0, '2017-04-27 13:46:52', '2017-04-27 13:46:52'),
(246, 'Gia Nghĩa', 'gia-nghia', NULL, 226, 21, 8, 0, '2017-04-27 13:46:52', '2017-04-27 13:46:52'),
(247, 'Điện Biên', 'dien-bien', NULL, 227, 22, 1, 0, '2017-04-27 13:46:52', '2017-04-27 13:46:52'),
(248, 'Điện Biên Đông', 'dien-bien-dong', NULL, 228, 22, 2, 0, '2017-04-27 13:46:52', '2017-04-27 13:46:52'),
(249, 'Mường Ảng', 'muong-ang', NULL, 229, 22, 3, 0, '2017-04-27 13:46:52', '2017-04-27 13:46:52'),
(250, 'Mường Chà', 'muong-cha', NULL, 230, 22, 4, 0, '2017-04-27 13:46:52', '2017-04-27 13:46:52'),
(251, 'Mường Nhé', 'muong-nhe', NULL, 231, 22, 5, 0, '2017-04-27 13:46:52', '2017-04-27 13:46:52'),
(252, 'Tủa Chùa', 'tua-chua', NULL, 232, 22, 6, 0, '2017-04-27 13:46:52', '2017-04-27 13:46:52'),
(253, 'Tuần Giáo', 'tuan-giao', NULL, 233, 22, 7, 0, '2017-04-27 13:46:52', '2017-04-27 13:46:52'),
(254, 'Điện Biên Phủ', 'dien-bien-phu', NULL, 234, 22, 8, 0, '2017-04-27 13:46:52', '2017-04-27 13:46:52'),
(255, 'Mường Lay', 'muong-lay', NULL, 235, 22, 9, 0, '2017-04-27 13:46:52', '2017-04-27 13:46:52'),
(256, 'Nậm Pồ', 'nam-po', NULL, 711, 22, 10, 0, '2017-04-27 13:46:52', '2017-04-27 13:46:52'),
(257, 'Cẩm Mỹ', 'cam-my', NULL, 236, 23, 1, 0, '2017-04-27 13:46:53', '2017-04-27 13:46:53'),
(258, 'Định Quán', 'dinh-quan', NULL, 237, 23, 2, 0, '2017-04-27 13:46:53', '2017-04-27 13:46:53'),
(259, 'Long Thành', 'long-thanh', NULL, 238, 23, 3, 0, '2017-04-27 13:46:53', '2017-04-27 13:46:53'),
(260, 'Nhơn Trạch', 'nhon-trach', NULL, 239, 23, 4, 0, '2017-04-27 13:46:53', '2017-04-27 13:46:53'),
(261, 'Tân Phú', 'tan-phu', NULL, 240, 23, 5, 0, '2017-04-27 13:46:53', '2017-04-27 13:46:53'),
(262, 'Thống Nhất', 'thong-nhat', NULL, 241, 23, 6, 0, '2017-04-27 13:46:53', '2017-04-27 13:46:53'),
(263, 'Trảng Bom', 'trang-bom', NULL, 242, 23, 7, 0, '2017-04-27 13:46:53', '2017-04-27 13:46:53'),
(264, 'Vĩnh Cửu', 'vinh-cuu', NULL, 243, 23, 8, 0, '2017-04-27 13:46:53', '2017-04-27 13:46:53'),
(265, 'Xuân Lộc', 'xuan-loc', NULL, 244, 23, 9, 0, '2017-04-27 13:46:53', '2017-04-27 13:46:53'),
(266, 'Biên Hòa', 'bien-hoa', NULL, 245, 23, 10, 0, '2017-04-27 13:46:53', '2017-04-27 13:46:53'),
(267, 'Long Khánh', 'long-khanh', NULL, 246, 23, 11, 0, '2017-04-27 13:46:53', '2017-04-27 13:46:53'),
(268, 'Huyện Cao Lãnh', 'huyen-cao-lanh', NULL, 247, 24, 1, 0, '2017-04-27 13:46:53', '2017-04-27 13:46:53'),
(269, 'Châu Thành', 'chau-thanh', NULL, 248, 24, 2, 0, '2017-04-27 13:46:53', '2017-04-27 13:46:53'),
(270, 'Thị xã Hồng Ngự', 'thi-xa-hong-ngu', NULL, 249, 24, 3, 0, '2017-04-27 13:46:53', '2017-04-27 13:46:53'),
(271, 'Lai Vung', 'lai-vung', NULL, 250, 24, 4, 0, '2017-04-27 13:46:53', '2017-04-27 13:46:53'),
(272, 'Lấp Vò', 'lap-vo', NULL, 251, 24, 5, 0, '2017-04-27 13:46:53', '2017-04-27 13:46:53'),
(273, 'Tam Nông', 'tam-nong', NULL, 252, 24, 6, 0, '2017-04-27 13:46:53', '2017-04-27 13:46:53'),
(274, 'Tân Hồng', 'tan-hong', NULL, 253, 24, 7, 0, '2017-04-27 13:46:53', '2017-04-27 13:46:53'),
(275, 'Thanh Bình', 'thanh-binh', NULL, 254, 24, 8, 0, '2017-04-27 13:46:53', '2017-04-27 13:46:53'),
(276, 'Tháp Mười', 'thap-muoi', NULL, 255, 24, 9, 0, '2017-04-27 13:46:53', '2017-04-27 13:46:53'),
(277, 'Sa Đéc', 'sa-dec', NULL, 257, 24, 10, 0, '2017-04-27 13:46:53', '2017-04-27 13:46:53'),
(278, 'Tp. Cao Lãnh', 'tp-cao-lanh', NULL, 721, 24, 11, 0, '2017-04-27 13:46:53', '2017-04-27 13:46:53'),
(279, 'Huyện Hồng Ngự', 'huyen-hong-ngu', NULL, 722, 24, 12, 0, '2017-04-27 13:46:53', '2017-04-27 13:46:53'),
(280, 'AYun Pa', 'ayun-pa', NULL, 258, 25, 1, 0, '2017-04-27 13:46:53', '2017-04-27 13:46:53'),
(281, 'Chư Păh', 'chu-pah', NULL, 259, 25, 2, 0, '2017-04-27 13:46:53', '2017-04-27 13:46:53'),
(282, 'Chư Sê', 'chu-se', NULL, 260, 25, 3, 0, '2017-04-27 13:46:53', '2017-04-27 13:46:53'),
(283, 'ChưPRông', 'chuprong', NULL, 261, 25, 4, 0, '2017-04-27 13:46:53', '2017-04-27 13:46:53'),
(284, 'Đăk Đoa', 'dak-doa', NULL, 262, 25, 5, 0, '2017-04-27 13:46:53', '2017-04-27 13:46:53'),
(285, 'Đăk Pơ', 'dak-po', NULL, 263, 25, 6, 0, '2017-04-27 13:46:53', '2017-04-27 13:46:53'),
(286, 'Đức Cơ', 'duc-co', NULL, 264, 25, 7, 0, '2017-04-27 13:46:53', '2017-04-27 13:46:53'),
(287, 'Ia Grai', 'ia-grai', NULL, 265, 25, 8, 0, '2017-04-27 13:46:53', '2017-04-27 13:46:53'),
(288, 'Ia Pa', 'ia-pa', NULL, 266, 25, 9, 0, '2017-04-27 13:46:53', '2017-04-27 13:46:53'),
(289, 'KBang', 'kbang', NULL, 267, 25, 10, 0, '2017-04-27 13:46:53', '2017-04-27 13:46:53'),
(290, 'Kông Chro', 'kong-chro', NULL, 268, 25, 11, 0, '2017-04-27 13:46:53', '2017-04-27 13:46:53'),
(291, 'Krông Pa', 'krong-pa', NULL, 269, 25, 12, 0, '2017-04-27 13:46:53', '2017-04-27 13:46:53'),
(292, 'Mang Yang', 'mang-yang', NULL, 270, 25, 13, 0, '2017-04-27 13:46:53', '2017-04-27 13:46:53'),
(293, 'Phú Thiện', 'phu-thien', NULL, 271, 25, 14, 0, '2017-04-27 13:46:53', '2017-04-27 13:46:53'),
(294, 'Plei Ku', 'plei-ku', NULL, 272, 25, 15, 0, '2017-04-27 13:46:53', '2017-04-27 13:46:53'),
(295, 'An Khê', 'an-khe', NULL, 273, 25, 16, 0, '2017-04-27 13:46:53', '2017-04-27 13:46:53'),
(296, 'Chư Pưh', 'chu-puh', NULL, 710, 25, 17, 0, '2017-04-27 13:46:53', '2017-04-27 13:46:53'),
(297, 'Bắc Mê', 'bac-me', NULL, 274, 26, 1, 0, '2017-04-27 13:46:53', '2017-04-27 13:46:53'),
(298, 'Bắc Quang', 'bac-quang', NULL, 275, 26, 2, 0, '2017-04-27 13:46:53', '2017-04-27 13:46:53'),
(299, 'Đồng Văn', 'dong-van', NULL, 276, 26, 3, 0, '2017-04-27 13:46:53', '2017-04-27 13:46:53'),
(300, 'Hoàng Su Phì', 'hoang-su-phi', NULL, 277, 26, 4, 0, '2017-04-27 13:46:53', '2017-04-27 13:46:53'),
(301, 'Mèo Vạc', 'meo-vac', NULL, 278, 26, 5, 0, '2017-04-27 13:46:53', '2017-04-27 13:46:53'),
(302, 'Quản Bạ', 'quan-ba', NULL, 279, 26, 6, 0, '2017-04-27 13:46:53', '2017-04-27 13:46:53'),
(303, 'Quang Bình', 'quang-binh', NULL, 280, 26, 7, 0, '2017-04-27 13:46:53', '2017-04-27 13:46:53'),
(304, 'Vị Xuyên', 'vi-xuyen', NULL, 281, 26, 8, 0, '2017-04-27 13:46:53', '2017-04-27 13:46:53'),
(305, 'Xín Mần', 'xin-man', NULL, 282, 26, 9, 0, '2017-04-27 13:46:53', '2017-04-27 13:46:53'),
(306, 'Yên Minh', 'yen-minh', NULL, 283, 26, 10, 0, '2017-04-27 13:46:53', '2017-04-27 13:46:53'),
(307, 'Hà Giang', 'ha-giang', NULL, 284, 26, 11, 0, '2017-04-27 13:46:53', '2017-04-27 13:46:53'),
(308, 'Bình Lục', 'binh-luc', NULL, 285, 27, 1, 0, '2017-04-27 13:46:53', '2017-04-27 13:46:53'),
(309, 'Duy Tiên', 'duy-tien', NULL, 286, 27, 2, 0, '2017-04-27 13:46:53', '2017-04-27 13:46:53'),
(310, 'Kim Bảng', 'kim-bang', NULL, 287, 27, 3, 0, '2017-04-27 13:46:53', '2017-04-27 13:46:53'),
(311, 'Lý Nhân', 'ly-nhan', NULL, 288, 27, 4, 0, '2017-04-27 13:46:53', '2017-04-27 13:46:53'),
(312, 'Thanh Liêm', 'thanh-liem', NULL, 289, 27, 5, 0, '2017-04-27 13:46:53', '2017-04-27 13:46:53'),
(313, 'Phủ Lý', 'phu-ly', NULL, 290, 27, 6, 0, '2017-04-27 13:46:53', '2017-04-27 13:46:53'),
(314, 'Cẩm Xuyên', 'cam-xuyen', NULL, 291, 28, 1, 0, '2017-04-27 13:46:54', '2017-04-27 13:46:54'),
(315, 'Can Lộc', 'can-loc', NULL, 292, 28, 2, 0, '2017-04-27 13:46:54', '2017-04-27 13:46:54'),
(316, 'Đức Thọ', 'duc-tho', NULL, 293, 28, 3, 0, '2017-04-27 13:46:54', '2017-04-27 13:46:54'),
(317, 'Hương Khê', 'huong-khe', NULL, 294, 28, 4, 0, '2017-04-27 13:46:54', '2017-04-27 13:46:54'),
(318, 'Hương Sơn', 'huong-son', NULL, 295, 28, 5, 0, '2017-04-27 13:46:54', '2017-04-27 13:46:54'),
(319, 'Kỳ Anh', 'ky-anh', NULL, 296, 28, 6, 0, '2017-04-27 13:46:54', '2017-04-27 13:46:54'),
(320, 'Lộc Hà', 'loc-ha', NULL, 297, 28, 7, 0, '2017-04-27 13:46:54', '2017-04-27 13:46:54'),
(321, 'Nghi Xuân', 'nghi-xuan', NULL, 298, 28, 8, 0, '2017-04-27 13:46:54', '2017-04-27 13:46:54'),
(322, 'Thạch Hà', 'thach-ha', NULL, 299, 28, 9, 0, '2017-04-27 13:46:54', '2017-04-27 13:46:54'),
(323, 'Vũ Quang', 'vu-quang', NULL, 300, 28, 10, 0, '2017-04-27 13:46:54', '2017-04-27 13:46:54'),
(324, 'Hà Tĩnh', 'ha-tinh', NULL, 301, 28, 11, 0, '2017-04-27 13:46:54', '2017-04-27 13:46:54'),
(325, 'Hồng Lĩnh', 'hong-linh', NULL, 302, 28, 12, 0, '2017-04-27 13:46:54', '2017-04-27 13:46:54'),
(326, 'Bình Giang', 'binh-giang', NULL, 303, 29, 1, 0, '2017-04-27 13:46:54', '2017-04-27 13:46:54'),
(327, 'Cẩm Giàng', 'cam-giang', NULL, 304, 29, 2, 0, '2017-04-27 13:46:54', '2017-04-27 13:46:54'),
(328, 'Chí Linh', 'chi-linh', NULL, 305, 29, 3, 0, '2017-04-27 13:46:54', '2017-04-27 13:46:54'),
(329, 'Gia Lộc', 'gia-loc', NULL, 306, 29, 4, 0, '2017-04-27 13:46:54', '2017-04-27 13:46:54'),
(330, 'Kim Thành', 'kim-thanh', NULL, 307, 29, 5, 0, '2017-04-27 13:46:54', '2017-04-27 13:46:54'),
(331, 'Kinh Môn', 'kinh-mon', NULL, 308, 29, 6, 0, '2017-04-27 13:46:54', '2017-04-27 13:46:54'),
(332, 'Nam Sách', 'nam-sach', NULL, 309, 29, 7, 0, '2017-04-27 13:46:54', '2017-04-27 13:46:54'),
(333, 'Ninh Giang', 'ninh-giang', NULL, 310, 29, 8, 0, '2017-04-27 13:46:54', '2017-04-27 13:46:54'),
(334, 'Thanh Hà', 'thanh-ha', NULL, 311, 29, 9, 0, '2017-04-27 13:46:54', '2017-04-27 13:46:54'),
(335, 'Thanh Miện', 'thanh-mien', NULL, 312, 29, 10, 0, '2017-04-27 13:46:54', '2017-04-27 13:46:54'),
(336, 'Tứ Kỳ', 'tu-ky', NULL, 313, 29, 11, 0, '2017-04-27 13:46:54', '2017-04-27 13:46:54'),
(337, 'Hải Dương', 'hai-duong', NULL, 314, 29, 12, 0, '2017-04-27 13:46:54', '2017-04-27 13:46:54'),
(338, 'Châu Thành', 'chau-thanh', NULL, 315, 30, 1, 0, '2017-04-27 13:46:54', '2017-04-27 13:46:54'),
(339, 'Châu Thành A', 'chau-thanh-a', NULL, 316, 30, 2, 0, '2017-04-27 13:46:54', '2017-04-27 13:46:54'),
(340, 'Long Mỹ', 'long-my', NULL, 317, 30, 3, 0, '2017-04-27 13:46:54', '2017-04-27 13:46:54'),
(341, 'Phụng Hiệp', 'phung-hiep', NULL, 318, 30, 4, 0, '2017-04-27 13:46:54', '2017-04-27 13:46:54'),
(342, 'Vị Thủy', 'vi-thuy', NULL, 319, 30, 5, 0, '2017-04-27 13:46:54', '2017-04-27 13:46:54'),
(343, 'Ngã Bảy', 'nga-bay', NULL, 320, 30, 6, 0, '2017-04-27 13:46:54', '2017-04-27 13:46:54'),
(344, 'Vị Thanh', 'vi-thanh', NULL, 321, 30, 7, 0, '2017-04-27 13:46:54', '2017-04-27 13:46:54'),
(345, 'Cao Phong', 'cao-phong', NULL, 322, 31, 1, 0, '2017-04-27 13:46:54', '2017-04-27 13:46:54'),
(346, 'Đà Bắc', 'da-bac', NULL, 323, 31, 2, 0, '2017-04-27 13:46:54', '2017-04-27 13:46:54'),
(347, 'Kim Bôi', 'kim-boi', NULL, 324, 31, 3, 0, '2017-04-27 13:46:54', '2017-04-27 13:46:54'),
(348, 'Kỳ Sơn', 'ky-son', NULL, 325, 31, 4, 0, '2017-04-27 13:46:54', '2017-04-27 13:46:54'),
(349, 'Lạc Sơn', 'lac-son', NULL, 326, 31, 5, 0, '2017-04-27 13:46:54', '2017-04-27 13:46:54'),
(350, 'Lạc Thủy', 'lac-thuy', NULL, 327, 31, 6, 0, '2017-04-27 13:46:54', '2017-04-27 13:46:54'),
(351, 'Lương Sơn', 'luong-son', NULL, 328, 31, 7, 0, '2017-04-27 13:46:54', '2017-04-27 13:46:54'),
(352, 'Mai Châu', 'mai-chau', NULL, 329, 31, 8, 0, '2017-04-27 13:46:54', '2017-04-27 13:46:54'),
(353, 'Tân Lạc', 'tan-lac', NULL, 330, 31, 9, 0, '2017-04-27 13:46:54', '2017-04-27 13:46:54'),
(354, 'Yên Thủy', 'yen-thuy', NULL, 331, 31, 10, 0, '2017-04-27 13:46:54', '2017-04-27 13:46:54'),
(355, 'Hòa Bình', 'hoa-binh', NULL, 332, 31, 11, 0, '2017-04-27 13:46:54', '2017-04-27 13:46:54'),
(356, 'Ân Thi', 'an-thi', NULL, 333, 32, 1, 0, '2017-04-27 13:46:54', '2017-04-27 13:46:54'),
(357, 'Khoái Châu', 'khoai-chau', NULL, 334, 32, 2, 0, '2017-04-27 13:46:54', '2017-04-27 13:46:54'),
(358, 'Kim Động', 'kim-dong', NULL, 335, 32, 3, 0, '2017-04-27 13:46:54', '2017-04-27 13:46:54'),
(359, 'Mỹ Hào', 'my-hao', NULL, 336, 32, 4, 0, '2017-04-27 13:46:54', '2017-04-27 13:46:54'),
(360, 'Phù Cừ', 'phu-cu', NULL, 337, 32, 5, 0, '2017-04-27 13:46:54', '2017-04-27 13:46:54'),
(361, 'Tiên Lữ', 'tien-lu', NULL, 338, 32, 6, 0, '2017-04-27 13:46:54', '2017-04-27 13:46:54'),
(362, 'Văn Giang', 'van-giang', NULL, 339, 32, 7, 0, '2017-04-27 13:46:54', '2017-04-27 13:46:54'),
(363, 'Văn Lâm', 'van-lam', NULL, 340, 32, 8, 0, '2017-04-27 13:46:54', '2017-04-27 13:46:54'),
(364, 'Yên Mỹ', 'yen-my', NULL, 341, 32, 9, 0, '2017-04-27 13:46:54', '2017-04-27 13:46:54'),
(365, 'Hưng Yên', 'hung-yen', NULL, 342, 32, 10, 0, '2017-04-27 13:46:54', '2017-04-27 13:46:54'),
(366, 'Cam Lâm', 'cam-lam', NULL, 343, 33, 1, 0, '2017-04-27 13:46:54', '2017-04-27 13:46:54'),
(367, 'Diên Khánh', 'dien-khanh', NULL, 344, 33, 2, 0, '2017-04-27 13:46:54', '2017-04-27 13:46:54'),
(368, 'Khánh Sơn', 'khanh-son', NULL, 345, 33, 3, 0, '2017-04-27 13:46:54', '2017-04-27 13:46:54'),
(369, 'Khánh Vĩnh', 'khanh-vinh', NULL, 346, 33, 4, 0, '2017-04-27 13:46:54', '2017-04-27 13:46:54'),
(370, 'Ninh Hòa', 'ninh-hoa', NULL, 347, 33, 5, 0, '2017-04-27 13:46:54', '2017-04-27 13:46:54'),
(371, 'Trường Sa', 'truong-sa', NULL, 348, 33, 6, 0, '2017-04-27 13:46:54', '2017-04-27 13:46:54'),
(372, 'Vạn Ninh', 'van-ninh', NULL, 349, 33, 7, 0, '2017-04-27 13:46:54', '2017-04-27 13:46:54'),
(373, 'Nha Trang', 'nha-trang', NULL, 350, 33, 8, 0, '2017-04-27 13:46:54', '2017-04-27 13:46:54'),
(374, 'Cam Ranh', 'cam-ranh', NULL, 351, 33, 9, 0, '2017-04-27 13:46:54', '2017-04-27 13:46:54'),
(375, 'An Biên', 'an-bien', NULL, 352, 34, 1, 0, '2017-04-27 13:46:55', '2017-04-27 13:46:55'),
(376, 'An Minh', 'an-minh', NULL, 353, 34, 2, 0, '2017-04-27 13:46:55', '2017-04-27 13:46:55'),
(377, 'Châu Thành', 'chau-thanh', NULL, 354, 34, 3, 0, '2017-04-27 13:46:55', '2017-04-27 13:46:55'),
(378, 'Giồng Riềng', 'giong-rieng', NULL, 355, 34, 4, 0, '2017-04-27 13:46:55', '2017-04-27 13:46:55'),
(379, 'Gò Quao', 'go-quao', NULL, 356, 34, 5, 0, '2017-04-27 13:46:55', '2017-04-27 13:46:55'),
(380, 'Hòn Đất', 'hon-dat', NULL, 357, 34, 6, 0, '2017-04-27 13:46:55', '2017-04-27 13:46:55'),
(381, 'Kiên Hải', 'kien-hai', NULL, 358, 34, 7, 0, '2017-04-27 13:46:55', '2017-04-27 13:46:55'),
(382, 'Kiên Lương', 'kien-luong', NULL, 359, 34, 8, 0, '2017-04-27 13:46:55', '2017-04-27 13:46:55'),
(383, 'Phú Quốc', 'phu-quoc', NULL, 360, 34, 9, 0, '2017-04-27 13:46:55', '2017-04-27 13:46:55'),
(384, 'Tân Hiệp', 'tan-hiep', NULL, 361, 34, 10, 0, '2017-04-27 13:46:55', '2017-04-27 13:46:55'),
(385, 'U minh Thượng', 'u-minh-thuong', NULL, 362, 34, 11, 0, '2017-04-27 13:46:55', '2017-04-27 13:46:55'),
(386, 'Vĩnh Thuận', 'vinh-thuan', NULL, 363, 34, 12, 0, '2017-04-27 13:46:55', '2017-04-27 13:46:55'),
(387, 'Rạch Giá', 'rach-gia', NULL, 364, 34, 13, 0, '2017-04-27 13:46:55', '2017-04-27 13:46:55'),
(388, 'Hà Tiên', 'ha-tien', NULL, 365, 34, 14, 0, '2017-04-27 13:46:55', '2017-04-27 13:46:55'),
(389, 'Giang Thành', 'giang-thanh', NULL, 723, 34, 15, 0, '2017-04-27 13:46:55', '2017-04-27 13:46:55'),
(390, 'Đăk Glei', 'dak-glei', NULL, 366, 35, 1, 0, '2017-04-27 13:46:55', '2017-04-27 13:46:55'),
(391, 'Đăk Hà', 'dak-ha', NULL, 367, 35, 2, 0, '2017-04-27 13:46:55', '2017-04-27 13:46:55'),
(392, 'Đăk Tô', 'dak-to', NULL, 368, 35, 3, 0, '2017-04-27 13:46:55', '2017-04-27 13:46:55'),
(393, 'Kon Plông', 'kon-plong', NULL, 369, 35, 4, 0, '2017-04-27 13:46:55', '2017-04-27 13:46:55'),
(394, 'Kon Rẫy', 'kon-ray', NULL, 370, 35, 5, 0, '2017-04-27 13:46:55', '2017-04-27 13:46:55'),
(395, 'Ngọc Hồi', 'ngoc-hoi', NULL, 371, 35, 6, 0, '2017-04-27 13:46:55', '2017-04-27 13:46:55'),
(396, 'Sa Thầy', 'sa-thay', NULL, 372, 35, 7, 0, '2017-04-27 13:46:55', '2017-04-27 13:46:55'),
(397, 'Tu Mơ Rông', 'tu-mo-rong', NULL, 373, 35, 8, 0, '2017-04-27 13:46:55', '2017-04-27 13:46:55'),
(398, 'KonTum', 'kontum', NULL, 374, 35, 9, 0, '2017-04-27 13:46:55', '2017-04-27 13:46:55'),
(399, 'Mường Tè', 'muong-te', NULL, 375, 36, 1, 0, '2017-04-27 13:46:55', '2017-04-27 13:46:55'),
(400, 'Phong Thổ', 'phong-tho', NULL, 376, 36, 2, 0, '2017-04-27 13:46:55', '2017-04-27 13:46:55'),
(401, 'Sìn Hồ', 'sin-ho', NULL, 377, 36, 3, 0, '2017-04-27 13:46:55', '2017-04-27 13:46:55'),
(402, 'Tam Đường', 'tam-duong', NULL, 378, 36, 4, 0, '2017-04-27 13:46:55', '2017-04-27 13:46:55'),
(403, 'Than Uyên', 'than-uyen', NULL, 379, 36, 5, 0, '2017-04-27 13:46:55', '2017-04-27 13:46:55'),
(404, 'Lai Châu', 'lai-chau', NULL, 380, 36, 6, 0, '2017-04-27 13:46:55', '2017-04-27 13:46:55'),
(405, 'Tân Uyên', 'tan-uyen', NULL, 691, 36, 7, 0, '2017-04-27 13:46:55', '2017-04-27 13:46:55'),
(406, 'Nậm Nhùn', 'nam-nhun', NULL, 709, 36, 8, 0, '2017-04-27 13:46:55', '2017-04-27 13:46:55'),
(407, 'Bảo Lâm', 'bao-lam', NULL, 381, 37, 1, 0, '2017-04-27 13:46:55', '2017-04-27 13:46:55'),
(408, 'Cát Tiên', 'cat-tien', NULL, 382, 37, 2, 0, '2017-04-27 13:46:55', '2017-04-27 13:46:55'),
(409, 'Đạ Huoai', 'da-huoai', NULL, 383, 37, 3, 0, '2017-04-27 13:46:55', '2017-04-27 13:46:55'),
(410, 'Đạ Tẻh', 'da-teh', NULL, 384, 37, 4, 0, '2017-04-27 13:46:55', '2017-04-27 13:46:55'),
(411, 'Đam Rông', 'dam-rong', NULL, 385, 37, 5, 0, '2017-04-27 13:46:55', '2017-04-27 13:46:55'),
(412, 'Di Linh', 'di-linh', NULL, 386, 37, 6, 0, '2017-04-27 13:46:55', '2017-04-27 13:46:55'),
(413, 'Đơn Dương', 'don-duong', NULL, 387, 37, 7, 0, '2017-04-27 13:46:55', '2017-04-27 13:46:55'),
(414, 'Đức Trọng', 'duc-trong', NULL, 388, 37, 8, 0, '2017-04-27 13:46:55', '2017-04-27 13:46:55'),
(415, 'Lạc Dương', 'lac-duong', NULL, 389, 37, 9, 0, '2017-04-27 13:46:55', '2017-04-27 13:46:55'),
(416, 'Lâm Hà', 'lam-ha', NULL, 390, 37, 10, 0, '2017-04-27 13:46:55', '2017-04-27 13:46:55'),
(417, 'Đà Lạt', 'da-lat', NULL, 391, 37, 11, 0, '2017-04-27 13:46:55', '2017-04-27 13:46:55'),
(418, 'Bảo Lộc', 'bao-loc', NULL, 392, 37, 12, 0, '2017-04-27 13:46:55', '2017-04-27 13:46:55'),
(419, 'Bắc Sơn', 'bac-son', NULL, 393, 38, 1, 0, '2017-04-27 13:46:55', '2017-04-27 13:46:55'),
(420, 'Bình Gia', 'binh-gia', NULL, 394, 38, 2, 0, '2017-04-27 13:46:55', '2017-04-27 13:46:55'),
(421, 'Cao Lộc', 'cao-loc', NULL, 395, 38, 3, 0, '2017-04-27 13:46:55', '2017-04-27 13:46:55'),
(422, 'Chi Lăng', 'chi-lang', NULL, 396, 38, 4, 0, '2017-04-27 13:46:55', '2017-04-27 13:46:55'),
(423, 'Đình Lập', 'dinh-lap', NULL, 397, 38, 5, 0, '2017-04-27 13:46:55', '2017-04-27 13:46:55'),
(424, 'Hữu Lũng', 'huu-lung', NULL, 398, 38, 6, 0, '2017-04-27 13:46:55', '2017-04-27 13:46:55'),
(425, 'Lộc Bình', 'loc-binh', NULL, 399, 38, 7, 0, '2017-04-27 13:46:55', '2017-04-27 13:46:55'),
(426, 'Tràng Định', 'trang-dinh', NULL, 400, 38, 8, 0, '2017-04-27 13:46:55', '2017-04-27 13:46:55'),
(427, 'Văn Lãng', 'van-lang', NULL, 401, 38, 9, 0, '2017-04-27 13:46:55', '2017-04-27 13:46:55'),
(428, 'Văn Quan', 'van-quan', NULL, 402, 38, 10, 0, '2017-04-27 13:46:55', '2017-04-27 13:46:55'),
(429, 'Lạng Sơn', 'lang-son', NULL, 403, 38, 11, 0, '2017-04-27 13:46:55', '2017-04-27 13:46:55'),
(430, 'Bắc Hà', 'bac-ha', NULL, 404, 39, 1, 0, '2017-04-27 13:46:56', '2017-04-27 13:46:56'),
(431, 'Bảo Thắng', 'bao-thang', NULL, 405, 39, 2, 0, '2017-04-27 13:46:56', '2017-04-27 13:46:56'),
(432, 'Bảo Yên', 'bao-yen', NULL, 406, 39, 3, 0, '2017-04-27 13:46:56', '2017-04-27 13:46:56'),
(433, 'Bát Xát', 'bat-xat', NULL, 407, 39, 4, 0, '2017-04-27 13:46:56', '2017-04-27 13:46:56'),
(434, 'Mường Khương', 'muong-khuong', NULL, 408, 39, 5, 0, '2017-04-27 13:46:56', '2017-04-27 13:46:56'),
(435, 'Sa Pa', 'sa-pa', NULL, 409, 39, 6, 0, '2017-04-27 13:46:56', '2017-04-27 13:46:56'),
(436, 'Văn Bàn', 'van-ban', NULL, 410, 39, 7, 0, '2017-04-27 13:46:56', '2017-04-27 13:46:56'),
(437, 'Xi Ma Cai', 'xi-ma-cai', NULL, 411, 39, 8, 0, '2017-04-27 13:46:56', '2017-04-27 13:46:56'),
(438, 'Lào Cai', 'lao-cai', NULL, 414, 39, 9, 0, '2017-04-27 13:46:56', '2017-04-27 13:46:56'),
(439, 'Giao Thủy', 'giao-thuy', NULL, 430, 40, 1, 0, '2017-04-27 13:46:56', '2017-04-27 13:46:56'),
(440, 'Hải Hậu', 'hai-hau', NULL, 431, 40, 2, 0, '2017-04-27 13:46:56', '2017-04-27 13:46:56'),
(441, 'Mỹ Lộc', 'my-loc', NULL, 432, 40, 3, 0, '2017-04-27 13:46:56', '2017-04-27 13:46:56'),
(442, 'Nam Trực', 'nam-truc', NULL, 433, 40, 4, 0, '2017-04-27 13:46:56', '2017-04-27 13:46:56'),
(443, 'Nghĩa Hưng', 'nghia-hung', NULL, 434, 40, 5, 0, '2017-04-27 13:46:56', '2017-04-27 13:46:56'),
(444, 'Trực Ninh', 'truc-ninh', NULL, 435, 40, 6, 0, '2017-04-27 13:46:56', '2017-04-27 13:46:56'),
(445, 'Vụ Bản', 'vu-ban', NULL, 436, 40, 7, 0, '2017-04-27 13:46:56', '2017-04-27 13:46:56'),
(446, 'Xuân Trường', 'xuan-truong', NULL, 437, 40, 8, 0, '2017-04-27 13:46:56', '2017-04-27 13:46:56'),
(447, 'Ý Yên', 'y-yen', NULL, 438, 40, 9, 0, '2017-04-27 13:46:56', '2017-04-27 13:46:56'),
(448, 'Nam Định', 'nam-dinh', NULL, 439, 40, 10, 0, '2017-04-27 13:46:56', '2017-04-27 13:46:56'),
(449, 'Anh Sơn', 'anh-son', NULL, 440, 41, 1, 0, '2017-04-27 13:46:56', '2017-04-27 13:46:56'),
(450, 'Con Cuông', 'con-cuong', NULL, 441, 41, 2, 0, '2017-04-27 13:46:56', '2017-04-27 13:46:56'),
(451, 'Diễn Châu', 'dien-chau', NULL, 442, 41, 3, 0, '2017-04-27 13:46:56', '2017-04-27 13:46:56'),
(452, 'Đô Lương', 'do-luong', NULL, 443, 41, 4, 0, '2017-04-27 13:46:56', '2017-04-27 13:46:56'),
(453, 'Hưng Nguyên', 'hung-nguyen', NULL, 444, 41, 5, 0, '2017-04-27 13:46:56', '2017-04-27 13:46:56'),
(454, 'Kỳ Sơn', 'ky-son', NULL, 445, 41, 6, 0, '2017-04-27 13:46:56', '2017-04-27 13:46:56'),
(455, 'Nam Đàn', 'nam-dan', NULL, 446, 41, 7, 0, '2017-04-27 13:46:56', '2017-04-27 13:46:56'),
(456, 'Nghi Lộc', 'nghi-loc', NULL, 447, 41, 8, 0, '2017-04-27 13:46:56', '2017-04-27 13:46:56'),
(457, 'Nghĩa Đàn', 'nghia-dan', NULL, 448, 41, 9, 0, '2017-04-27 13:46:56', '2017-04-27 13:46:56'),
(458, 'Quế Phong', 'que-phong', NULL, 449, 41, 10, 0, '2017-04-27 13:46:56', '2017-04-27 13:46:56'),
(459, 'Quỳ Châu', 'quy-chau', NULL, 450, 41, 11, 0, '2017-04-27 13:46:56', '2017-04-27 13:46:56'),
(460, 'Quỳ Hợp', 'quy-hop', NULL, 451, 41, 12, 0, '2017-04-27 13:46:56', '2017-04-27 13:46:56'),
(461, 'Quỳnh Lưu', 'quynh-luu', NULL, 452, 41, 13, 0, '2017-04-27 13:46:56', '2017-04-27 13:46:56'),
(462, 'Tân Kỳ', 'tan-ky', NULL, 453, 41, 14, 0, '2017-04-27 13:46:56', '2017-04-27 13:46:56'),
(463, 'Thanh Chương', 'thanh-chuong', NULL, 454, 41, 15, 0, '2017-04-27 13:46:56', '2017-04-27 13:46:56'),
(464, 'Tương Dương', 'tuong-duong', NULL, 455, 41, 16, 0, '2017-04-27 13:46:56', '2017-04-27 13:46:56'),
(465, 'Yên Thành', 'yen-thanh', NULL, 456, 41, 17, 0, '2017-04-27 13:46:56', '2017-04-27 13:46:56'),
(466, 'Vinh', 'vinh', NULL, 457, 41, 18, 0, '2017-04-27 13:46:56', '2017-04-27 13:46:56'),
(467, 'Cửa Lò', 'cua-lo', NULL, 458, 41, 19, 0, '2017-04-27 13:46:56', '2017-04-27 13:46:56'),
(468, 'Thái Hòa', 'thai-hoa', NULL, 692, 41, 20, 0, '2017-04-27 13:46:56', '2017-04-27 13:46:56'),
(469, 'Hoàng Mai', 'hoang-mai', NULL, 725, 41, 21, 0, '2017-04-27 13:46:56', '2017-04-27 13:46:56'),
(470, 'Gia Viễn', 'gia-vien', NULL, 459, 42, 1, 0, '2017-04-27 13:46:56', '2017-04-27 13:46:56'),
(471, 'Hoa Lư', 'hoa-lu', NULL, 460, 42, 2, 0, '2017-04-27 13:46:56', '2017-04-27 13:46:56'),
(472, 'Kim Sơn', 'kim-son', NULL, 461, 42, 3, 0, '2017-04-27 13:46:56', '2017-04-27 13:46:56'),
(473, 'Nho Quan', 'nho-quan', NULL, 462, 42, 4, 0, '2017-04-27 13:46:56', '2017-04-27 13:46:56'),
(474, 'Yên Khánh', 'yen-khanh', NULL, 463, 42, 5, 0, '2017-04-27 13:46:56', '2017-04-27 13:46:56'),
(475, 'Yên Mô', 'yen-mo', NULL, 464, 42, 6, 0, '2017-04-27 13:46:56', '2017-04-27 13:46:56'),
(476, 'Ninh Bình', 'ninh-binh', NULL, 465, 42, 7, 0, '2017-04-27 13:46:56', '2017-04-27 13:46:56'),
(477, 'Tam Điệp', 'tam-diep', NULL, 466, 42, 8, 0, '2017-04-27 13:46:56', '2017-04-27 13:46:56'),
(478, 'Bác Ái', 'bac-ai', NULL, 467, 43, 1, 0, '2017-04-27 13:46:56', '2017-04-27 13:46:56'),
(479, 'Ninh Hải', 'ninh-hai', NULL, 468, 43, 2, 0, '2017-04-27 13:46:56', '2017-04-27 13:46:56'),
(480, 'Ninh Phước', 'ninh-phuoc', NULL, 469, 43, 3, 0, '2017-04-27 13:46:56', '2017-04-27 13:46:56'),
(481, 'Ninh Sơn', 'ninh-son', NULL, 470, 43, 4, 0, '2017-04-27 13:46:56', '2017-04-27 13:46:56'),
(482, 'Thuận Bắc', 'thuan-bac', NULL, 471, 43, 5, 0, '2017-04-27 13:46:56', '2017-04-27 13:46:56'),
(483, 'Phan Rang - Tháp Chàm', 'phan-rang-thap-cham', NULL, 472, 43, 6, 0, '2017-04-27 13:46:56', '2017-04-27 13:46:56'),
(484, 'Thuận Nam', 'thuan-nam', NULL, 693, 43, 7, 0, '2017-04-27 13:46:56', '2017-04-27 13:46:56'),
(485, 'Cẩm Khê', 'cam-khe', NULL, 473, 44, 1, 0, '2017-04-27 13:46:57', '2017-04-27 13:46:57'),
(486, 'Đoan Hùng', 'doan-hung', NULL, 474, 44, 2, 0, '2017-04-27 13:46:57', '2017-04-27 13:46:57'),
(487, 'Hạ Hòa', 'ha-hoa', NULL, 475, 44, 3, 0, '2017-04-27 13:46:57', '2017-04-27 13:46:57'),
(488, 'Lâm Thao', 'lam-thao', NULL, 476, 44, 4, 0, '2017-04-27 13:46:57', '2017-04-27 13:46:57'),
(489, 'Phù Ninh', 'phu-ninh', NULL, 477, 44, 5, 0, '2017-04-27 13:46:57', '2017-04-27 13:46:57'),
(490, 'Tam Nông', 'tam-nong', NULL, 478, 44, 6, 0, '2017-04-27 13:46:57', '2017-04-27 13:46:57'),
(491, 'Tân Sơn', 'tan-son', NULL, 479, 44, 7, 0, '2017-04-27 13:46:57', '2017-04-27 13:46:57'),
(492, 'Thanh Ba', 'thanh-ba', NULL, 480, 44, 8, 0, '2017-04-27 13:46:57', '2017-04-27 13:46:57'),
(493, 'Thanh Sơn', 'thanh-son', NULL, 481, 44, 9, 0, '2017-04-27 13:46:57', '2017-04-27 13:46:57'),
(494, 'Thanh Thủy', 'thanh-thuy', NULL, 482, 44, 10, 0, '2017-04-27 13:46:57', '2017-04-27 13:46:57'),
(495, 'Yên Lập', 'yen-lap', NULL, 483, 44, 11, 0, '2017-04-27 13:46:57', '2017-04-27 13:46:57'),
(496, 'Việt Trì', 'viet-tri', NULL, 485, 44, 12, 0, '2017-04-27 13:46:57', '2017-04-27 13:46:57'),
(497, 'Phú Thọ', 'phu-tho', NULL, 486, 44, 13, 0, '2017-04-27 13:46:57', '2017-04-27 13:46:57'),
(498, 'Đông Hòa', 'dong-hoa', NULL, 487, 45, 1, 0, '2017-04-27 13:46:57', '2017-04-27 13:46:57'),
(499, 'Đồng Xuân', 'dong-xuan', NULL, 488, 45, 2, 0, '2017-04-27 13:46:57', '2017-04-27 13:46:57'),
(500, 'Phú Hòa', 'phu-hoa', NULL, 489, 45, 3, 0, '2017-04-27 13:46:57', '2017-04-27 13:46:57'),
(501, 'Sơn Hòa', 'son-hoa', NULL, 490, 45, 4, 0, '2017-04-27 13:46:57', '2017-04-27 13:46:57'),
(502, 'Sông Cầu', 'song-cau', NULL, 491, 45, 5, 0, '2017-04-27 13:46:57', '2017-04-27 13:46:57'),
(503, 'Sông Hinh', 'song-hinh', NULL, 492, 45, 6, 0, '2017-04-27 13:46:57', '2017-04-27 13:46:57'),
(504, 'Tây Hòa', 'tay-hoa', NULL, 493, 45, 7, 0, '2017-04-27 13:46:57', '2017-04-27 13:46:57'),
(505, 'Tuy An', 'tuy-an', NULL, 494, 45, 8, 0, '2017-04-27 13:46:57', '2017-04-27 13:46:57'),
(506, 'Tuy Hòa', 'tuy-hoa', NULL, 495, 45, 9, 0, '2017-04-27 13:46:57', '2017-04-27 13:46:57'),
(507, 'Bố Trạch', 'bo-trach', NULL, 496, 46, 1, 0, '2017-04-27 13:46:57', '2017-04-27 13:46:57'),
(508, 'Lệ Thủy', 'le-thuy', NULL, 497, 46, 2, 0, '2017-04-27 13:46:57', '2017-04-27 13:46:57'),
(509, 'Minh Hóa', 'minh-hoa', NULL, 498, 46, 3, 0, '2017-04-27 13:46:57', '2017-04-27 13:46:57'),
(510, 'Quảng Ninh', 'quang-ninh', NULL, 499, 46, 4, 0, '2017-04-27 13:46:57', '2017-04-27 13:46:57'),
(511, 'Quảng Trạch', 'quang-trach', NULL, 500, 46, 5, 0, '2017-04-27 13:46:57', '2017-04-27 13:46:57'),
(512, 'Tuyên Hóa', 'tuyen-hoa', NULL, 501, 46, 6, 0, '2017-04-27 13:46:57', '2017-04-27 13:46:57'),
(513, 'Đồng Hới', 'dong-hoi', NULL, 502, 46, 7, 0, '2017-04-27 13:46:57', '2017-04-27 13:46:57'),
(514, 'Ba Đồn', 'ba-don', NULL, 720, 46, 8, 0, '2017-04-27 13:46:57', '2017-04-27 13:46:57'),
(515, 'Bắc Trà My', 'bac-tra-my', NULL, 503, 47, 1, 0, '2017-04-27 13:46:57', '2017-04-27 13:46:57'),
(516, 'Đại Lộc', 'dai-loc', NULL, 504, 47, 2, 0, '2017-04-27 13:46:57', '2017-04-27 13:46:57'),
(517, 'Điện Bàn', 'dien-ban', NULL, 505, 47, 3, 0, '2017-04-27 13:46:57', '2017-04-27 13:46:57'),
(518, 'Đông Giang', 'dong-giang', NULL, 506, 47, 4, 0, '2017-04-27 13:46:57', '2017-04-27 13:46:57'),
(519, 'Duy Xuyên', 'duy-xuyen', NULL, 507, 47, 5, 0, '2017-04-27 13:46:57', '2017-04-27 13:46:57'),
(520, 'Hiệp Đức', 'hiep-duc', NULL, 508, 47, 6, 0, '2017-04-27 13:46:57', '2017-04-27 13:46:57');
INSERT INTO `district` (`id`, `name`, `slug`, `meta_id`, `id_dothi`, `city_id`, `display_order`, `status`, `created_at`, `updated_at`) VALUES
(521, 'Nam Giang', 'nam-giang', NULL, 509, 47, 7, 0, '2017-04-27 13:46:57', '2017-04-27 13:46:57'),
(522, 'Nam Trà My', 'nam-tra-my', NULL, 510, 47, 8, 0, '2017-04-27 13:46:57', '2017-04-27 13:46:57'),
(523, 'Núi Thành', 'nui-thanh', NULL, 511, 47, 9, 0, '2017-04-27 13:46:57', '2017-04-27 13:46:57'),
(524, 'Phú Ninh', 'phu-ninh', NULL, 512, 47, 10, 0, '2017-04-27 13:46:57', '2017-04-27 13:46:57'),
(525, 'Phước Sơn', 'phuoc-son', NULL, 513, 47, 11, 0, '2017-04-27 13:46:57', '2017-04-27 13:46:57'),
(526, 'Quế Sơn', 'que-son', NULL, 514, 47, 12, 0, '2017-04-27 13:46:57', '2017-04-27 13:46:57'),
(527, 'Tây Giang', 'tay-giang', NULL, 515, 47, 13, 0, '2017-04-27 13:46:57', '2017-04-27 13:46:57'),
(528, 'Thăng Bình', 'thang-binh', NULL, 516, 47, 14, 0, '2017-04-27 13:46:57', '2017-04-27 13:46:57'),
(529, 'Tiên Phước', 'tien-phuoc', NULL, 517, 47, 15, 0, '2017-04-27 13:46:57', '2017-04-27 13:46:57'),
(530, 'Tam Kỳ', 'tam-ky', NULL, 519, 47, 16, 0, '2017-04-27 13:46:57', '2017-04-27 13:46:57'),
(531, 'Hội An', 'hoi-an', NULL, 520, 47, 17, 0, '2017-04-27 13:46:57', '2017-04-27 13:46:57'),
(532, 'Nông Sơn', 'nong-son', NULL, 694, 47, 18, 0, '2017-04-27 13:46:57', '2017-04-27 13:46:57'),
(533, 'Ba Tơ', 'ba-to', NULL, 521, 48, 1, 0, '2017-04-27 13:46:57', '2017-04-27 13:46:57'),
(534, 'Bình Sơn', 'binh-son', NULL, 522, 48, 2, 0, '2017-04-27 13:46:57', '2017-04-27 13:46:57'),
(535, 'Đức Phổ', 'duc-pho', NULL, 523, 48, 3, 0, '2017-04-27 13:46:57', '2017-04-27 13:46:57'),
(536, 'Lý Sơn', 'ly-son', NULL, 524, 48, 4, 0, '2017-04-27 13:46:57', '2017-04-27 13:46:57'),
(537, 'Minh Long', 'minh-long', NULL, 525, 48, 5, 0, '2017-04-27 13:46:57', '2017-04-27 13:46:57'),
(538, 'Mộ Đức', 'mo-duc', NULL, 526, 48, 6, 0, '2017-04-27 13:46:57', '2017-04-27 13:46:57'),
(539, 'Nghĩa Hành', 'nghia-hanh', NULL, 527, 48, 7, 0, '2017-04-27 13:46:57', '2017-04-27 13:46:57'),
(540, 'Sơn Hà', 'son-ha', NULL, 528, 48, 8, 0, '2017-04-27 13:46:57', '2017-04-27 13:46:57'),
(541, 'Sơn Tây', 'son-tay', NULL, 529, 48, 9, 0, '2017-04-27 13:46:57', '2017-04-27 13:46:57'),
(542, 'Sơn Tịnh', 'son-tinh', NULL, 530, 48, 10, 0, '2017-04-27 13:46:57', '2017-04-27 13:46:57'),
(543, 'Tây Trà', 'tay-tra', NULL, 531, 48, 11, 0, '2017-04-27 13:46:57', '2017-04-27 13:46:57'),
(544, 'Trà Bồng', 'tra-bong', NULL, 532, 48, 12, 0, '2017-04-27 13:46:57', '2017-04-27 13:46:57'),
(545, 'Tư Nghĩa', 'tu-nghia', NULL, 533, 48, 13, 0, '2017-04-27 13:46:57', '2017-04-27 13:46:57'),
(546, 'Quảng Ngãi', 'quang-ngai', NULL, 534, 48, 14, 0, '2017-04-27 13:46:57', '2017-04-27 13:46:57'),
(547, 'Ba Chẽ', 'ba-che', NULL, 535, 49, 1, 0, '2017-04-27 13:46:57', '2017-04-27 13:46:57'),
(548, 'Bình Liêu', 'binh-lieu', NULL, 536, 49, 2, 0, '2017-04-27 13:46:57', '2017-04-27 13:46:57'),
(549, 'Cô Tô', 'co-to', NULL, 537, 49, 3, 0, '2017-04-27 13:46:57', '2017-04-27 13:46:57'),
(550, 'Đầm Hà', 'dam-ha', NULL, 538, 49, 4, 0, '2017-04-27 13:46:57', '2017-04-27 13:46:57'),
(551, 'Đông Triều', 'dong-trieu', NULL, 539, 49, 5, 0, '2017-04-27 13:46:57', '2017-04-27 13:46:57'),
(552, 'Hải Hà', 'hai-ha', NULL, 540, 49, 6, 0, '2017-04-27 13:46:57', '2017-04-27 13:46:57'),
(553, 'Hoành Bồ', 'hoanh-bo', NULL, 541, 49, 7, 0, '2017-04-27 13:46:57', '2017-04-27 13:46:57'),
(554, 'Tiên Yên', 'tien-yen', NULL, 542, 49, 8, 0, '2017-04-27 13:46:57', '2017-04-27 13:46:57'),
(555, 'Vân Đồn', 'van-don', NULL, 543, 49, 9, 0, '2017-04-27 13:46:57', '2017-04-27 13:46:57'),
(556, 'Hạ Long', 'ha-long', NULL, 546, 49, 10, 0, '2017-04-27 13:46:57', '2017-04-27 13:46:57'),
(557, 'Cẩm Phả', 'cam-pha', NULL, 547, 49, 11, 0, '2017-04-27 13:46:57', '2017-04-27 13:46:57'),
(558, 'Móng Cái', 'mong-cai', NULL, 548, 49, 12, 0, '2017-04-27 13:46:57', '2017-04-27 13:46:57'),
(559, 'Uông Bí', 'uong-bi', NULL, 549, 49, 13, 0, '2017-04-27 13:46:57', '2017-04-27 13:46:57'),
(560, 'Quảng Yên', 'quang-yen', NULL, 708, 49, 14, 0, '2017-04-27 13:46:57', '2017-04-27 13:46:57'),
(561, 'Cam Lộ', 'cam-lo', NULL, 550, 50, 1, 0, '2017-04-27 13:46:58', '2017-04-27 13:46:58'),
(562, 'Đăk Rông', 'dak-rong', NULL, 551, 50, 2, 0, '2017-04-27 13:46:58', '2017-04-27 13:46:58'),
(563, 'Đảo Cồn cỏ', 'dao-con-co', NULL, 552, 50, 3, 0, '2017-04-27 13:46:58', '2017-04-27 13:46:58'),
(564, 'Gio Linh', 'gio-linh', NULL, 553, 50, 4, 0, '2017-04-27 13:46:58', '2017-04-27 13:46:58'),
(565, 'Hải Lăng', 'hai-lang', NULL, 554, 50, 5, 0, '2017-04-27 13:46:58', '2017-04-27 13:46:58'),
(566, 'Hướng Hóa', 'huong-hoa', NULL, 555, 50, 6, 0, '2017-04-27 13:46:58', '2017-04-27 13:46:58'),
(567, 'Triệu Phong', 'trieu-phong', NULL, 556, 50, 7, 0, '2017-04-27 13:46:58', '2017-04-27 13:46:58'),
(568, 'Vĩnh Linh', 'vinh-linh', NULL, 557, 50, 8, 0, '2017-04-27 13:46:58', '2017-04-27 13:46:58'),
(569, 'Đông Hà', 'dong-ha', NULL, 558, 50, 9, 0, '2017-04-27 13:46:58', '2017-04-27 13:46:58'),
(570, 'Quảng Trị', 'quang-tri', NULL, 559, 50, 10, 0, '2017-04-27 13:46:58', '2017-04-27 13:46:58'),
(571, 'Cù Lao Dung', 'cu-lao-dung', NULL, 560, 51, 1, 0, '2017-04-27 13:46:58', '2017-04-27 13:46:58'),
(572, 'Kế Sách', 'ke-sach', NULL, 561, 51, 2, 0, '2017-04-27 13:46:58', '2017-04-27 13:46:58'),
(573, 'Long Phú', 'long-phu', NULL, 562, 51, 3, 0, '2017-04-27 13:46:58', '2017-04-27 13:46:58'),
(574, 'Mỹ Tú', 'my-tu', NULL, 563, 51, 4, 0, '2017-04-27 13:46:58', '2017-04-27 13:46:58'),
(575, 'Mỹ Xuyên', 'my-xuyen', NULL, 564, 51, 5, 0, '2017-04-27 13:46:58', '2017-04-27 13:46:58'),
(576, 'Ngã Năm', 'nga-nam', NULL, 565, 51, 6, 0, '2017-04-27 13:46:58', '2017-04-27 13:46:58'),
(577, 'Thạnh Trị', 'thanh-tri', NULL, 566, 51, 7, 0, '2017-04-27 13:46:58', '2017-04-27 13:46:58'),
(578, 'Vĩnh Châu', 'vinh-chau', NULL, 567, 51, 8, 0, '2017-04-27 13:46:58', '2017-04-27 13:46:58'),
(579, 'Sóc Trăng', 'soc-trang', NULL, 568, 51, 9, 0, '2017-04-27 13:46:58', '2017-04-27 13:46:58'),
(580, 'Châu Thành', 'chau-thanh', NULL, 695, 51, 10, 0, '2017-04-27 13:46:58', '2017-04-27 13:46:58'),
(581, 'Trần Đề', 'tran-de', NULL, 707, 51, 11, 0, '2017-04-27 13:46:58', '2017-04-27 13:46:58'),
(582, 'Bắc Yên', 'bac-yen', NULL, 569, 52, 1, 0, '2017-04-27 13:46:58', '2017-04-27 13:46:58'),
(583, 'Mai Sơn', 'mai-son', NULL, 570, 52, 2, 0, '2017-04-27 13:46:58', '2017-04-27 13:46:58'),
(584, 'Mộc Châu', 'moc-chau', NULL, 571, 52, 3, 0, '2017-04-27 13:46:58', '2017-04-27 13:46:58'),
(585, 'Mường La', 'muong-la', NULL, 572, 52, 4, 0, '2017-04-27 13:46:58', '2017-04-27 13:46:58'),
(586, 'Phù Yên', 'phu-yen', NULL, 573, 52, 5, 0, '2017-04-27 13:46:58', '2017-04-27 13:46:58'),
(587, 'Quỳnh Nhai', 'quynh-nhai', NULL, 574, 52, 6, 0, '2017-04-27 13:46:58', '2017-04-27 13:46:58'),
(588, 'Sông Mã', 'song-ma', NULL, 575, 52, 7, 0, '2017-04-27 13:46:58', '2017-04-27 13:46:58'),
(589, 'Sốp Cộp', 'sop-cop', NULL, 576, 52, 8, 0, '2017-04-27 13:46:58', '2017-04-27 13:46:58'),
(590, 'Thuận Châu', 'thuan-chau', NULL, 577, 52, 9, 0, '2017-04-27 13:46:58', '2017-04-27 13:46:58'),
(591, 'Yên Châu', 'yen-chau', NULL, 578, 52, 10, 0, '2017-04-27 13:46:58', '2017-04-27 13:46:58'),
(592, 'Sơn La', 'son-la', NULL, 579, 52, 11, 0, '2017-04-27 13:46:58', '2017-04-27 13:46:58'),
(593, 'Vân Hồ', 'van-ho', NULL, 726, 52, 12, 0, '2017-04-27 13:46:58', '2017-04-27 13:46:58'),
(594, 'Bến Cầu', 'ben-cau', NULL, 580, 53, 1, 0, '2017-04-27 13:46:58', '2017-04-27 13:46:58'),
(595, 'Châu Thành', 'chau-thanh', NULL, 581, 53, 2, 0, '2017-04-27 13:46:58', '2017-04-27 13:46:58'),
(596, 'Dương Minh Châu', 'duong-minh-chau', NULL, 582, 53, 3, 0, '2017-04-27 13:46:58', '2017-04-27 13:46:58'),
(597, 'Gò Dầu', 'go-dau', NULL, 583, 53, 4, 0, '2017-04-27 13:46:58', '2017-04-27 13:46:58'),
(598, 'Hòa Thành', 'hoa-thanh', NULL, 584, 53, 5, 0, '2017-04-27 13:46:58', '2017-04-27 13:46:58'),
(599, 'Tân Biên', 'tan-bien', NULL, 585, 53, 6, 0, '2017-04-27 13:46:58', '2017-04-27 13:46:58'),
(600, 'Tân Châu', 'tan-chau', NULL, 586, 53, 7, 0, '2017-04-27 13:46:58', '2017-04-27 13:46:58'),
(601, 'Trảng Bàng', 'trang-bang', NULL, 587, 53, 8, 0, '2017-04-27 13:46:58', '2017-04-27 13:46:58'),
(602, 'Tây Ninh', 'tay-ninh', NULL, 588, 53, 9, 0, '2017-04-27 13:46:58', '2017-04-27 13:46:58'),
(603, 'Đông Hưng', 'dong-hung', NULL, 589, 54, 1, 0, '2017-04-27 13:46:58', '2017-04-27 13:46:58'),
(604, 'Hưng Hà', 'hung-ha', NULL, 590, 54, 2, 0, '2017-04-27 13:46:58', '2017-04-27 13:46:58'),
(605, 'Kiến Xương', 'kien-xuong', NULL, 591, 54, 3, 0, '2017-04-27 13:46:58', '2017-04-27 13:46:58'),
(606, 'Quỳnh Phụ', 'quynh-phu', NULL, 592, 54, 4, 0, '2017-04-27 13:46:58', '2017-04-27 13:46:58'),
(607, 'Thái Thuỵ', 'thai-thuy', NULL, 593, 54, 5, 0, '2017-04-27 13:46:58', '2017-04-27 13:46:58'),
(608, 'Tiền Hải', 'tien-hai', NULL, 594, 54, 6, 0, '2017-04-27 13:46:58', '2017-04-27 13:46:58'),
(609, 'Vũ Thư', 'vu-thu', NULL, 595, 54, 7, 0, '2017-04-27 13:46:58', '2017-04-27 13:46:58'),
(610, 'Thái Bình', 'thai-binh', NULL, 596, 54, 8, 0, '2017-04-27 13:46:58', '2017-04-27 13:46:58'),
(611, 'Đại Từ', 'dai-tu', NULL, 597, 55, 1, 0, '2017-04-27 13:46:59', '2017-04-27 13:46:59'),
(612, 'Định Hóa', 'dinh-hoa', NULL, 598, 55, 2, 0, '2017-04-27 13:46:59', '2017-04-27 13:46:59'),
(613, 'Đồng Hỷ', 'dong-hy', NULL, 599, 55, 3, 0, '2017-04-27 13:46:59', '2017-04-27 13:46:59'),
(614, 'Phổ Yên', 'pho-yen', NULL, 600, 55, 4, 0, '2017-04-27 13:46:59', '2017-04-27 13:46:59'),
(615, 'Phú Bình', 'phu-binh', NULL, 601, 55, 5, 0, '2017-04-27 13:46:59', '2017-04-27 13:46:59'),
(616, 'Phú Lương', 'phu-luong', NULL, 602, 55, 6, 0, '2017-04-27 13:46:59', '2017-04-27 13:46:59'),
(617, 'Võ Nhai', 'vo-nhai', NULL, 603, 55, 7, 0, '2017-04-27 13:46:59', '2017-04-27 13:46:59'),
(618, 'Thái Nguyên', 'thai-nguyen', NULL, 604, 55, 8, 0, '2017-04-27 13:46:59', '2017-04-27 13:46:59'),
(619, 'Sông Công', 'song-cong', NULL, 605, 55, 9, 0, '2017-04-27 13:46:59', '2017-04-27 13:46:59'),
(620, 'Bá Thước', 'ba-thuoc', NULL, 606, 56, 1, 0, '2017-04-27 13:46:59', '2017-04-27 13:46:59'),
(621, 'Cẩm Thủy', 'cam-thuy', NULL, 607, 56, 2, 0, '2017-04-27 13:46:59', '2017-04-27 13:46:59'),
(622, 'Đông Sơn', 'dong-son', NULL, 608, 56, 3, 0, '2017-04-27 13:46:59', '2017-04-27 13:46:59'),
(623, 'Hà Trung', 'ha-trung', NULL, 609, 56, 4, 0, '2017-04-27 13:46:59', '2017-04-27 13:46:59'),
(624, 'Hậu Lộc', 'hau-loc', NULL, 610, 56, 5, 0, '2017-04-27 13:46:59', '2017-04-27 13:46:59'),
(625, 'Hoằng Hóa', 'hoang-hoa', NULL, 611, 56, 6, 0, '2017-04-27 13:46:59', '2017-04-27 13:46:59'),
(626, 'Lang Chánh', 'lang-chanh', NULL, 612, 56, 7, 0, '2017-04-27 13:46:59', '2017-04-27 13:46:59'),
(627, 'Mường Lát', 'muong-lat', NULL, 613, 56, 8, 0, '2017-04-27 13:46:59', '2017-04-27 13:46:59'),
(628, 'Nga Sơn', 'nga-son', NULL, 614, 56, 9, 0, '2017-04-27 13:46:59', '2017-04-27 13:46:59'),
(629, 'Ngọc Lặc', 'ngoc-lac', NULL, 615, 56, 10, 0, '2017-04-27 13:46:59', '2017-04-27 13:46:59'),
(630, 'Như Thanh', 'nhu-thanh', NULL, 616, 56, 11, 0, '2017-04-27 13:46:59', '2017-04-27 13:46:59'),
(631, 'Như Xuân', 'nhu-xuan', NULL, 617, 56, 12, 0, '2017-04-27 13:46:59', '2017-04-27 13:46:59'),
(632, 'Nông Cống', 'nong-cong', NULL, 618, 56, 13, 0, '2017-04-27 13:46:59', '2017-04-27 13:46:59'),
(633, 'Quan Hóa', 'quan-hoa', NULL, 619, 56, 14, 0, '2017-04-27 13:46:59', '2017-04-27 13:46:59'),
(634, 'Quan Sơn', 'quan-son', NULL, 620, 56, 15, 0, '2017-04-27 13:46:59', '2017-04-27 13:46:59'),
(635, 'Quảng Xương', 'quang-xuong', NULL, 621, 56, 16, 0, '2017-04-27 13:46:59', '2017-04-27 13:46:59'),
(636, 'Thạch Thành', 'thach-thanh', NULL, 622, 56, 17, 0, '2017-04-27 13:46:59', '2017-04-27 13:46:59'),
(637, 'Thiệu Hóa', 'thieu-hoa', NULL, 623, 56, 18, 0, '2017-04-27 13:46:59', '2017-04-27 13:46:59'),
(638, 'Thọ Xuân', 'tho-xuan', NULL, 624, 56, 19, 0, '2017-04-27 13:46:59', '2017-04-27 13:46:59'),
(639, 'Thường Xuân', 'thuong-xuan', NULL, 625, 56, 20, 0, '2017-04-27 13:46:59', '2017-04-27 13:46:59'),
(640, 'Tĩnh Gia', 'tinh-gia', NULL, 626, 56, 21, 0, '2017-04-27 13:46:59', '2017-04-27 13:46:59'),
(641, 'Triệu Sơn', 'trieu-son', NULL, 627, 56, 22, 0, '2017-04-27 13:46:59', '2017-04-27 13:46:59'),
(642, 'Vĩnh Lộc', 'vinh-loc', NULL, 628, 56, 23, 0, '2017-04-27 13:46:59', '2017-04-27 13:46:59'),
(643, 'Yên Định', 'yen-dinh', NULL, 629, 56, 24, 0, '2017-04-27 13:46:59', '2017-04-27 13:46:59'),
(644, 'Thanh Hóa', 'thanh-hoa', NULL, 630, 56, 25, 0, '2017-04-27 13:46:59', '2017-04-27 13:46:59'),
(645, 'Bỉm Sơn', 'bim-son', NULL, 631, 56, 26, 0, '2017-04-27 13:46:59', '2017-04-27 13:46:59'),
(646, 'Sầm Sơn', 'sam-son', NULL, 632, 56, 27, 0, '2017-04-27 13:46:59', '2017-04-27 13:46:59'),
(647, 'A Lưới', 'a-luoi', NULL, 633, 57, 1, 0, '2017-04-27 13:46:59', '2017-04-27 13:46:59'),
(648, 'Hương Thủy', 'huong-thuy', NULL, 634, 57, 2, 0, '2017-04-27 13:46:59', '2017-04-27 13:46:59'),
(649, 'Hương Trà', 'huong-tra', NULL, 635, 57, 3, 0, '2017-04-27 13:46:59', '2017-04-27 13:46:59'),
(650, 'Nam Đông', 'nam-dong', NULL, 636, 57, 4, 0, '2017-04-27 13:46:59', '2017-04-27 13:46:59'),
(651, 'Phong Điền', 'phong-dien', NULL, 637, 57, 5, 0, '2017-04-27 13:46:59', '2017-04-27 13:46:59'),
(652, 'Phú Lộc', 'phu-loc', NULL, 638, 57, 6, 0, '2017-04-27 13:46:59', '2017-04-27 13:46:59'),
(653, 'Phú Vang', 'phu-vang', NULL, 639, 57, 7, 0, '2017-04-27 13:46:59', '2017-04-27 13:46:59'),
(654, 'Quảng Điền', 'quang-dien', NULL, 640, 57, 8, 0, '2017-04-27 13:46:59', '2017-04-27 13:46:59'),
(655, 'Huế', 'hue', NULL, 641, 57, 9, 0, '2017-04-27 13:46:59', '2017-04-27 13:46:59'),
(656, 'Cái Bè', 'cai-be', NULL, 642, 58, 1, 0, '2017-04-27 13:46:59', '2017-04-27 13:46:59'),
(657, 'Huyện Cai Lậy', 'huyen-cai-lay', NULL, 643, 58, 2, 0, '2017-04-27 13:46:59', '2017-04-27 13:46:59'),
(658, 'Châu Thành', 'chau-thanh', NULL, 644, 58, 3, 0, '2017-04-27 13:46:59', '2017-04-27 13:46:59'),
(659, 'Chợ Gạo', 'cho-gao', NULL, 645, 58, 4, 0, '2017-04-27 13:46:59', '2017-04-27 13:46:59'),
(660, 'Gò Công Đông', 'go-cong-dong', NULL, 646, 58, 5, 0, '2017-04-27 13:46:59', '2017-04-27 13:46:59'),
(661, 'Gò Công Tây', 'go-cong-tay', NULL, 647, 58, 6, 0, '2017-04-27 13:46:59', '2017-04-27 13:46:59'),
(662, 'Tân Phước', 'tan-phuoc', NULL, 648, 58, 7, 0, '2017-04-27 13:46:59', '2017-04-27 13:46:59'),
(663, 'Tân Phú Đông', 'tan-phu-dong', NULL, 649, 58, 8, 0, '2017-04-27 13:46:59', '2017-04-27 13:46:59'),
(664, 'Mỹ Tho', 'my-tho', NULL, 650, 58, 9, 0, '2017-04-27 13:46:59', '2017-04-27 13:46:59'),
(665, 'Gò Công', 'go-cong', NULL, 651, 58, 10, 0, '2017-04-27 13:46:59', '2017-04-27 13:46:59'),
(666, 'Thị Xã Cai Lậy', 'thi-xa-cai-lay', NULL, 727, 58, 11, 0, '2017-04-27 13:46:59', '2017-04-27 13:46:59'),
(667, 'Càng Long', 'cang-long', NULL, 652, 59, 1, 0, '2017-04-27 13:46:59', '2017-04-27 13:46:59'),
(668, 'Cầu Kè', 'cau-ke', NULL, 653, 59, 2, 0, '2017-04-27 13:46:59', '2017-04-27 13:46:59'),
(669, 'Cầu Ngang', 'cau-ngang', NULL, 654, 59, 3, 0, '2017-04-27 13:46:59', '2017-04-27 13:46:59'),
(670, 'Châu Thành', 'chau-thanh', NULL, 655, 59, 4, 0, '2017-04-27 13:46:59', '2017-04-27 13:46:59'),
(671, 'Duyên Hải', 'duyen-hai', NULL, 656, 59, 5, 0, '2017-04-27 13:46:59', '2017-04-27 13:46:59'),
(672, 'Tiểu Cần', 'tieu-can', NULL, 657, 59, 6, 0, '2017-04-27 13:46:59', '2017-04-27 13:46:59'),
(673, 'Trà Cú', 'tra-cu', NULL, 658, 59, 7, 0, '2017-04-27 13:46:59', '2017-04-27 13:46:59'),
(674, 'Trà Vinh', 'tra-vinh', NULL, 659, 59, 8, 0, '2017-04-27 13:46:59', '2017-04-27 13:46:59'),
(675, 'Chiêm Hóa', 'chiem-hoa', NULL, 660, 60, 1, 0, '2017-04-27 13:47:00', '2017-04-27 13:47:00'),
(676, 'Hàm Yên', 'ham-yen', NULL, 661, 60, 2, 0, '2017-04-27 13:47:00', '2017-04-27 13:47:00'),
(677, 'Na Hang', 'na-hang', NULL, 662, 60, 3, 0, '2017-04-27 13:47:00', '2017-04-27 13:47:00'),
(678, 'Sơn Dương', 'son-duong', NULL, 663, 60, 4, 0, '2017-04-27 13:47:00', '2017-04-27 13:47:00'),
(679, 'Yên Sơn', 'yen-son', NULL, 664, 60, 5, 0, '2017-04-27 13:47:00', '2017-04-27 13:47:00'),
(680, 'Tuyên Quang', 'tuyen-quang', NULL, 665, 60, 6, 0, '2017-04-27 13:47:00', '2017-04-27 13:47:00'),
(681, 'Lâm Bình', 'lam-binh', NULL, 712, 60, 7, 0, '2017-04-27 13:47:00', '2017-04-27 13:47:00'),
(682, 'Bình Minh', 'binh-minh', NULL, 666, 61, 1, 0, '2017-04-27 13:47:00', '2017-04-27 13:47:00'),
(683, 'Bình Tân', 'binh-tan', NULL, 667, 61, 2, 0, '2017-04-27 13:47:00', '2017-04-27 13:47:00'),
(684, 'Long Hồ', 'long-ho', NULL, 668, 61, 3, 0, '2017-04-27 13:47:00', '2017-04-27 13:47:00'),
(685, 'Mang Thít', 'mang-thit', NULL, 669, 61, 4, 0, '2017-04-27 13:47:00', '2017-04-27 13:47:00'),
(686, 'Tam Bình', 'tam-binh', NULL, 670, 61, 5, 0, '2017-04-27 13:47:00', '2017-04-27 13:47:00'),
(687, 'Trà Ôn', 'tra-on', NULL, 671, 61, 6, 0, '2017-04-27 13:47:00', '2017-04-27 13:47:00'),
(688, 'Vũng Liêm', 'vung-liem', NULL, 672, 61, 7, 0, '2017-04-27 13:47:00', '2017-04-27 13:47:00'),
(689, 'Vĩnh Long', 'vinh-long', NULL, 673, 61, 8, 0, '2017-04-27 13:47:00', '2017-04-27 13:47:00'),
(690, 'Bình Xuyên', 'binh-xuyen', NULL, 674, 62, 1, 0, '2017-04-27 13:47:00', '2017-04-27 13:47:00'),
(691, 'Lập Thạch', 'lap-thach', NULL, 675, 62, 2, 0, '2017-04-27 13:47:00', '2017-04-27 13:47:00'),
(692, 'Tam Đảo', 'tam-dao', NULL, 676, 62, 3, 0, '2017-04-27 13:47:00', '2017-04-27 13:47:00'),
(693, 'Tam Dương', 'tam-duong', NULL, 677, 62, 4, 0, '2017-04-27 13:47:00', '2017-04-27 13:47:00'),
(694, 'Vĩnh Tường', 'vinh-tuong', NULL, 678, 62, 5, 0, '2017-04-27 13:47:00', '2017-04-27 13:47:00'),
(695, 'Yên Lạc', 'yen-lac', NULL, 679, 62, 6, 0, '2017-04-27 13:47:00', '2017-04-27 13:47:00'),
(696, 'Vĩnh Yên', 'vinh-yen', NULL, 680, 62, 7, 0, '2017-04-27 13:47:00', '2017-04-27 13:47:00'),
(697, 'Phúc Yên', 'phuc-yen', NULL, 681, 62, 8, 0, '2017-04-27 13:47:00', '2017-04-27 13:47:00'),
(698, 'Sông Lô', 'song-lo', NULL, 696, 62, 9, 0, '2017-04-27 13:47:00', '2017-04-27 13:47:00'),
(699, 'Lục Yên', 'luc-yen', NULL, 682, 63, 1, 0, '2017-04-27 13:47:00', '2017-04-27 13:47:00'),
(700, 'Mù Cang Chải', 'mu-cang-chai', NULL, 683, 63, 2, 0, '2017-04-27 13:47:00', '2017-04-27 13:47:00'),
(701, 'Trạm Tấu', 'tram-tau', NULL, 684, 63, 3, 0, '2017-04-27 13:47:00', '2017-04-27 13:47:00'),
(702, 'Trấn Yên', 'tran-yen', NULL, 685, 63, 4, 0, '2017-04-27 13:47:00', '2017-04-27 13:47:00'),
(703, 'Văn Chấn', 'van-chan', NULL, 686, 63, 5, 0, '2017-04-27 13:47:00', '2017-04-27 13:47:00'),
(704, 'Văn Yên', 'van-yen', NULL, 687, 63, 6, 0, '2017-04-27 13:47:00', '2017-04-27 13:47:00'),
(705, 'Yên Bình', 'yen-binh', NULL, 688, 63, 7, 0, '2017-04-27 13:47:00', '2017-04-27 13:47:00'),
(706, 'Yên Bái', 'yen-bai', NULL, 689, 63, 8, 0, '2017-04-27 13:47:00', '2017-04-27 13:47:00'),
(707, 'Nghĩa Lộ', 'nghia-lo', NULL, 713, 63, 9, 0, '2017-04-27 13:47:00', '2017-04-27 13:47:00');

-- --------------------------------------------------------

--
-- Table structure for table `info_seo`
--

CREATE TABLE `info_seo` (
  `id` int(11) NOT NULL,
  `url` varchar(255) NOT NULL,
  `title` varchar(255) NOT NULL,
  `description` varchar(255) NOT NULL,
  `keywords` varchar(255) NOT NULL,
  `custom_text` text NOT NULL,
  `image_url` varchar(255) NOT NULL
) ENGINE=InnoDB DEFAULT CHARSET=utf8;

-- --------------------------------------------------------

--
-- Table structure for table `loai_sp`
--

CREATE TABLE `loai_sp` (
  `id` int(11) NOT NULL,
  `name` varchar(255) NOT NULL,
  `alias` varchar(255) NOT NULL,
  `slug` varchar(255) NOT NULL,
  `description` text,
  `display_order` tinyint(4) NOT NULL DEFAULT '1',
  `is_hot` tinyint(1) NOT NULL,
  `status` tinyint(1) NOT NULL,
  `created_user` tinyint(4) NOT NULL,
  `updated_user` tinyint(4) NOT NULL,
  `created_at` datetime NOT NULL,
  `updated_at` datetime NOT NULL,
  `meta_id` bigint(20) DEFAULT NULL
) ENGINE=InnoDB DEFAULT CHARSET=utf8;

--
-- Dumping data for table `loai_sp`
--

INSERT INTO `loai_sp` (`id`, `name`, `alias`, `slug`, `description`, `display_order`, `is_hot`, `status`, `created_user`, `updated_user`, `created_at`, `updated_at`, `meta_id`) VALUES
(1, 'Pin sạc dự phòng', 'Pin sac du phong', 'pin-sac-du-phong', '', 2, 0, 1, 1, 1, '2017-06-02 22:31:19', '2017-06-02 22:31:19', 1),
(2, 'Ốp lưng', 'Op lung', 'op-lung', '', 1, 0, 1, 1, 1, '2017-06-02 22:31:49', '2017-06-02 22:31:49', 2),
(3, 'Tai nghe bluetooth', 'Tai nghe bluetooth', 'tai-nghe-bluetooth', '', 1, 0, 1, 1, 1, '2017-06-03 20:37:00', '2017-06-03 20:37:00', 4),
(4, 'Sạc, cáp kết nối', 'Sac, cap ket noi', 'sac-cap-ket-noi', '', 1, 0, 1, 1, 1, '2017-06-09 13:50:38', '2017-06-09 13:50:38', 32),
(5, 'Thẻ nhớ', 'The nho', 'the-nho', '', 1, 0, 1, 1, 1, '2017-06-09 13:58:09', '2017-06-09 13:58:09', 45);

-- --------------------------------------------------------

--
-- Table structure for table `meta_data`
--

CREATE TABLE `meta_data` (
  `id` bigint(20) NOT NULL,
  `title` varchar(255) DEFAULT NULL,
  `description` varchar(255) DEFAULT NULL,
  `keywords` varchar(255) DEFAULT NULL,
  `custom_text` text,
  `created_user` int(11) NOT NULL,
  `updated_user` int(11) NOT NULL,
  `created_at` datetime NOT NULL,
  `updated_at` datetime NOT NULL
) ENGINE=InnoDB DEFAULT CHARSET=utf8;

--
-- Dumping data for table `meta_data`
--

INSERT INTO `meta_data` (`id`, `title`, `description`, `keywords`, `custom_text`, `created_user`, `updated_user`, `created_at`, `updated_at`) VALUES
(1, 'Pin sạc dự phòng', 'Pin sạc dự phòng', 'Pin sạc dự phòng', 'Pin sạc dự phòng', 1, 1, '2017-06-02 22:31:19', '2017-06-02 22:31:19'),
(2, 'Ốp lưng', 'Ốp lưng', 'Ốp lưng', '', 1, 1, '2017-06-02 22:31:49', '2017-06-02 22:31:49'),
(3, 'Pin sạc dự phòng Xiaomi', '', '', '', 1, 1, '2017-06-03 20:33:15', '2017-06-03 20:33:15'),
(4, 'Tai nghe bluetooth', 'Tai nghe bluetooth', 'Tai nghe bluetooth', '', 1, 1, '2017-06-03 20:37:00', '2017-06-03 20:37:00'),
(5, '', '', '', '', 1, 1, '2017-06-08 05:55:10', '2017-06-08 05:55:10'),
(6, '', '', '', '', 1, 1, '2017-06-08 05:59:01', '2017-06-08 05:59:01'),
(7, '', '', '', '', 1, 1, '2017-06-09 11:35:03', '2017-06-09 11:35:03'),
(8, '', '', '', '', 1, 1, '2017-06-09 11:38:48', '2017-06-09 11:38:48'),
(9, '', '', '', '', 1, 1, '2017-06-09 13:38:35', '2017-06-09 13:38:35'),
(10, '', '', '', '', 1, 1, '2017-06-09 13:39:08', '2017-06-09 13:39:08'),
(11, '', '', '', '', 1, 1, '2017-06-09 13:40:13', '2017-06-09 13:40:13'),
(12, '', '', '', '', 1, 1, '2017-06-09 13:40:49', '2017-06-09 13:40:49'),
(13, '', '', '', '', 1, 1, '2017-06-09 13:41:10', '2017-06-09 13:41:10'),
(14, '', '', '', '', 1, 1, '2017-06-09 13:41:32', '2017-06-09 13:41:32'),
(15, '', '', '', '', 1, 1, '2017-06-09 13:41:53', '2017-06-09 13:41:53'),
(16, '', '', '', '', 1, 1, '2017-06-09 13:42:20', '2017-06-09 13:42:20'),
(17, '', '', '', '', 1, 1, '2017-06-09 13:42:49', '2017-06-09 13:42:49'),
(18, '', '', '', '', 1, 1, '2017-06-09 13:42:56', '2017-06-09 13:42:56'),
(19, '', '', '', '', 1, 1, '2017-06-09 13:43:19', '2017-06-09 13:43:19'),
(20, '', '', '', '', 1, 1, '2017-06-09 13:43:44', '2017-06-09 13:43:44'),
(21, '', '', '', '', 1, 1, '2017-06-09 13:43:55', '2017-06-09 13:43:55'),
(22, '', '', '', '', 1, 1, '2017-06-09 13:44:14', '2017-06-09 13:44:14'),
(23, '', '', '', '', 1, 1, '2017-06-09 13:44:52', '2017-06-09 13:44:52'),
(24, '', '', '', '', 1, 1, '2017-06-09 13:45:09', '2017-06-09 13:45:09'),
(25, '', '', '', '', 1, 1, '2017-06-09 13:45:17', '2017-06-09 13:45:17'),
(26, '', '', '', '', 1, 1, '2017-06-09 13:45:41', '2017-06-09 13:45:41'),
(27, '', '', '', '', 1, 1, '2017-06-09 13:45:42', '2017-06-09 13:45:42'),
(28, '', '', '', '', 1, 1, '2017-06-09 13:46:06', '2017-06-09 13:46:06'),
(29, '', '', '', '', 1, 1, '2017-06-09 13:46:29', '2017-06-09 13:46:29'),
(30, '', '', '', '', 1, 1, '2017-06-09 13:47:12', '2017-06-09 13:47:12'),
(31, '', '', '', '', 1, 1, '2017-06-09 13:49:02', '2017-06-09 13:49:02'),
(32, '', '', '', '', 1, 1, '2017-06-09 13:50:38', '2017-06-09 13:50:38'),
(33, '', '', '', '', 1, 1, '2017-06-09 13:52:16', '2017-06-09 13:52:16'),
(34, '', '', '', '', 1, 1, '2017-06-09 13:52:58', '2017-06-09 13:52:58'),
(35, '', '', '', '', 1, 1, '2017-06-09 13:53:47', '2017-06-09 13:53:47'),
(36, '', '', '', '', 1, 1, '2017-06-09 13:54:54', '2017-06-09 13:54:54'),
(37, '', '', '', '', 1, 1, '2017-06-09 13:54:59', '2017-06-09 13:54:59'),
(38, '', '', '', '', 1, 1, '2017-06-09 13:55:28', '2017-06-09 13:55:28'),
(39, '', '', '', '', 1, 1, '2017-06-09 13:55:40', '2017-06-09 13:55:40'),
(40, '', '', '', '', 1, 1, '2017-06-09 13:56:01', '2017-06-09 13:56:01'),
(41, '', '', '', '', 1, 1, '2017-06-09 13:56:16', '2017-06-09 13:56:16'),
(42, '', '', '', '', 1, 1, '2017-06-09 13:56:54', '2017-06-09 13:56:54'),
(43, '', '', '', '', 1, 1, '2017-06-09 13:57:34', '2017-06-09 13:57:34'),
(44, '', '', '', '', 1, 1, '2017-06-09 13:58:05', '2017-06-09 13:58:05'),
(45, '', '', '', '', 1, 1, '2017-06-09 13:58:09', '2017-06-09 13:58:09'),
(46, '', '', '', '', 1, 1, '2017-06-09 13:58:41', '2017-06-09 13:58:41'),
(47, '', '', '', '', 1, 1, '2017-06-09 13:59:04', '2017-06-09 13:59:04'),
(48, '', '', '', '', 1, 1, '2017-06-09 13:59:49', '2017-06-09 13:59:49'),
(49, '', '', '', '', 1, 1, '2017-06-09 13:59:50', '2017-06-09 13:59:50'),
(50, '', '', '', '', 1, 1, '2017-06-09 14:00:23', '2017-06-09 14:00:23'),
(51, '', '', '', '', 1, 1, '2017-06-09 14:00:24', '2017-06-09 14:00:24'),
(52, '', '', '', '', 1, 1, '2017-06-09 14:00:53', '2017-06-09 14:00:53'),
(53, '', '', '', '', 1, 1, '2017-06-09 14:01:03', '2017-06-09 14:01:03'),
(54, '', '', '', '', 1, 1, '2017-06-09 14:01:23', '2017-06-09 14:01:23'),
(55, '', '', '', '', 1, 1, '2017-06-09 14:02:21', '2017-06-09 14:02:21'),
(56, '', '', '', '', 1, 1, '2017-06-09 14:02:53', '2017-06-09 14:02:53'),
(57, '', '', '', '', 1, 1, '2017-06-09 14:03:21', '2017-06-09 14:03:21'),
(58, '', '', '', '', 1, 1, '2017-06-09 14:03:59', '2017-06-09 14:03:59');

-- --------------------------------------------------------

--
-- Table structure for table `newsletter`
--

CREATE TABLE `newsletter` (
  `id` int(11) NOT NULL,
  `email` varchar(255) NOT NULL,
  `is_member` tinyint(1) NOT NULL DEFAULT '0',
  `status` tinyint(1) NOT NULL DEFAULT '1',
  `updated_user` tinyint(4) DEFAULT NULL,
  `created_at` datetime NOT NULL,
  `updated_at` datetime NOT NULL
) ENGINE=InnoDB DEFAULT CHARSET=utf8;

-- --------------------------------------------------------

--
-- Table structure for table `pages`
--

CREATE TABLE `pages` (
  `id` int(111) NOT NULL,
  `title` varchar(255) NOT NULL,
  `alias` varchar(255) NOT NULL,
  `description` varchar(500) DEFAULT NULL,
  `content` text,
  `image_url` varchar(255) NOT NULL,
  `slug` varchar(255) NOT NULL,
  `status` tinyint(1) NOT NULL DEFAULT '1',
  `meta_title` varchar(255) DEFAULT NULL,
  `meta_description` varchar(255) DEFAULT NULL,
  `meta_keywords` varchar(255) DEFAULT NULL,
  `custom_text` varchar(255) DEFAULT NULL,
  `created_user` tinyint(4) NOT NULL,
  `updated_user` tinyint(4) NOT NULL,
  `created_at` datetime NOT NULL,
  `updated_at` datetime NOT NULL
) ENGINE=InnoDB DEFAULT CHARSET=utf8 ROW_FORMAT=COMPACT;

--
-- Dumping data for table `pages`
--

INSERT INTO `pages` (`id`, `title`, `alias`, `description`, `content`, `image_url`, `slug`, `status`, `meta_title`, `meta_description`, `meta_keywords`, `custom_text`, `created_user`, `updated_user`, `created_at`, `updated_at`) VALUES
(1, 'Giới thiệu', 'Gioi thieu', '', 'Nội dung trang giới thiệu CTY', '', 'gioi-thieu', 1, '', '', '', '', 1, 1, '2017-06-09 14:05:01', '2017-06-09 14:05:01'),
(2, 'Hướng dẫn mua hàng', 'Huong dan mua hang', '', 'Nội dung trang hướng dẫn mua h&agrave;ng', '', 'huong-dan-mua-hang', 1, '', '', '', '', 1, 1, '2017-06-09 14:05:21', '2017-06-09 14:05:21');

-- --------------------------------------------------------

--
-- Table structure for table `product`
--

CREATE TABLE `product` (
  `id` int(11) NOT NULL,
  `name` varchar(255) NOT NULL,
  `alias` varchar(255) NOT NULL,
  `slug` varchar(255) DEFAULT NULL,
  `description` text NOT NULL,
  `content` text NOT NULL,
  `thumbnail_id` bigint(20) NOT NULL,
  `loai_id` int(11) NOT NULL,
  `cate_id` int(11) NOT NULL,
  `price` varchar(50) NOT NULL,
  `price_5` int(11) DEFAULT NULL,
  `guarantee` varchar(100) DEFAULT NULL,
  `video_url` int(11) DEFAULT NULL,
  `status` tinyint(1) NOT NULL DEFAULT '1',
  `in_stock` tinyint(1) NOT NULL DEFAULT '1',
  `is_hot` tinyint(1) NOT NULL DEFAULT '0',
  `is_sale` tinyint(1) NOT NULL DEFAULT '0',
  `display_order` int(11) NOT NULL DEFAULT '1' COMMENT 'danh cho bds hot',
  `meta_id` bigint(20) NOT NULL,
  `created_user` int(11) DEFAULT NULL,
  `updated_user` int(11) DEFAULT NULL,
  `created_at` datetime DEFAULT NULL,
  `updated_at` datetime DEFAULT NULL
) ENGINE=InnoDB DEFAULT CHARSET=utf8;

--
-- Dumping data for table `product`
--

INSERT INTO `product` (`id`, `name`, `alias`, `slug`, `description`, `content`, `thumbnail_id`, `loai_id`, `cate_id`, `price`, `price_5`, `guarantee`, `video_url`, `status`, `in_stock`, `is_hot`, `is_sale`, `display_order`, `meta_id`, `created_user`, `updated_user`, `created_at`, `updated_at`) VALUES
(2, 'Tai Nghe Bluetooth hiệu Baseus Timk Series', 'Tai Nghe Bluetooth hieu Baseus Timk Series', 'tai-nghe-bluetooth-hieu-baseus-timk-series', '', '', 3, 3, 0, '295,000 ', 200, '', 0, 1, 1, 0, 0, 1, 7, 1, 1, '2017-06-09 11:35:03', '2017-06-09 11:35:03'),
(3, 'Tai Nghe Bluetooth hiệu Remax RB-T8', 'Tai Nghe Bluetooth hiẹu Remax RB-T8', 'tai-nghe-bluetooth-hieu-remax-rb-t8', '', '', 4, 3, 0, '350000', 300000, '', 0, 1, 1, 0, 0, 1, 8, 1, 1, '2017-06-09 11:38:48', '2017-06-09 11:38:48'),
(4, 'Sạc dự phòng cao cấp 5000 mAh hiệu Remax( Mẫu mới)', 'Sac du phong cao cap 5000 mAh hieu Remax( Mau moi)', 'sac-du-phong-cao-cap-5000-mah-hieu-remax-mau-moi', '', '<p><a href="http://phukiengiare.com/S%E1%BA%A1c%20d%E1%BB%B1%20ph%C3%B2ng%20cao%20c%E1%BA%A5p%205000%20mAh%20hi%E1%BB%87u%20Remax(%20M%E1%BA%ABu%20m%E1%BB%9Bi)">Sạc dự ph&ograve;ng cao cấp 5000 mAh hiệu Remax( Mẫu mới)</a>&nbsp;với k&iacute;ch thước nhỏ gọn,&nbsp;<strong>sạc dự ph&ograve;ng</strong>&nbsp;si&ecirc;u tốc c&oacute; thể đồng h&agrave;nh c&ugrave;ng bạn tr&ecirc;n những chuyến du lịch xa, kh&ocirc;ng cần nguồn điện tại chỗ m&agrave; c&ograve;n r&uacute;t ngắn thời gian sạc pin nữa.</p>\r\n\r\n<p>Dung lượng của pin sạc l&agrave; 5000 mAh, sẵn s&agrave;ng đ&aacute;p ứng cho nhiều thiết bị như iPhone, MP3, Mp4, điện thoại di động, bluetooth, m&aacute;y ảnh kỹ thuật số, m&aacute;y t&iacute;nh bảng&hellip;</p>\r\n\r\n<p>Khi hết pin, bạn chỉ cần cắm c&aacute;p kết nối với pin l&agrave; c&oacute; thể nạp năng lượng. Với sản phẩm tiện &iacute;ch n&agrave;y, bạn sẽ kh&ocirc;ng c&ograve;n lo ngại c&aacute;c thiết bị c&ocirc;ng nghệ sẽ hết pin bất ngờ khi đang sử dụng.</p>\r\n\r\n<p>Sạc dự ph&ograve;ng hiệu Remax l&agrave; h&agrave;ng cao cấp, bạn kh&ocirc;ng lo chai pin, c&oacute; thể tự động ngắt khi sạc đầy.</p>\r\n\r\n<p><img alt="Sạc dự phòng cao cấp 5000 mAh hiệu Remax( Mẫu mới)" src="http://phukiengiare.com/images/detailed/23/pin-du-phong-5000-mah-hieu-iremax-1.JPG" /></p>\r\n\r\n<p><img alt="Sạc dự phòng cao cấp 5000 mAh hiệu Remax( Mẫu mới)" src="http://phukiengiare.com/images/detailed/23/pin-du-phong-5000-mah-hieu-iremax-2.jpg" /></p>\r\n\r\n<p><img alt="Sạc dự phòng cao cấp 5000 mAh hiệu Remax( Mẫu mới)" src="http://phukiengiare.com/images/detailed/23/pin-du-phong-5000-mah-hieu-iremax-3.jpg" /></p>\r\n\r\n<p><img alt="Sạc dự phòng cao cấp 5000 mAh hiệu Remax( Mẫu mới)" src="http://phukiengiare.com/images/detailed/23/pin-du-phong-5000-mah-hieu-iremax-4.jpg" /></p>\r\n\r\n<p><img alt="Sạc dự phòng cao cấp 5000 mAh hiệu Remax( Mẫu mới)" src="http://phukiengiare.com/images/detailed/23/pin-du-phong-5000-mah-hieu-iremax-5.jpg" /></p>\r\n\r\n<p><img alt="Sạc dự phòng cao cấp 5000 mAh hiệu Remax( Mẫu mới)" src="http://phukiengiare.com/images/detailed/23/pin-du-phong-5000-mah-hieu-iremax-6.jpg" /></p>\r\n\r\n<p><img alt="Sạc dự phòng cao cấp 5000 mAh hiệu Remax( Mẫu mới)" src="http://phukiengiare.com/images/detailed/23/pin-du-phong-5000-mah-hieu-iremax-7.jpg" /></p>\r\n', 5, 1, 0, '250000', 200000, '3', 0, 1, 1, 0, 0, 1, 9, 1, 1, '2017-06-09 13:38:35', '2017-06-09 13:38:35'),
(5, 'Sạc dự phòng cao cấp 5000 mAh hiệu Remax', 'Sac du phong cao cap 5000 mAh hieu Remax', 'sac-du-phong-cao-cap-5000-mah-hieu-remax', '', '<p>Với k&iacute;ch thước nhỏ gọn,&nbsp;<strong>sạc dự ph&ograve;ng</strong>&nbsp;si&ecirc;u tốc c&oacute; thể đồng h&agrave;nh c&ugrave;ng bạn tr&ecirc;n những chuyến du lịch xa, kh&ocirc;ng cần nguồn điện tại chỗ m&agrave; c&ograve;n r&uacute;t ngắn thời gian sạc pin nữa.</p>\r\n\r\n<p>Dung lượng của pin sạc l&agrave; 5000 mAh, sẵn s&agrave;ng đ&aacute;p ứng cho nhiều thiết bị như iPhone, MP3, Mp4, điện thoại di động, bluetooth, m&aacute;y ảnh kỹ thuật số, m&aacute;y t&iacute;nh bảng&hellip;</p>\r\n\r\n<p>Khi hết pin, bạn chỉ cần cắm c&aacute;p kết nối với pin l&agrave; c&oacute; thể nạp năng lượng. Với sản phẩm tiện &iacute;ch n&agrave;y, bạn sẽ kh&ocirc;ng c&ograve;n lo ngại c&aacute;c thiết bị c&ocirc;ng nghệ sẽ hết pin bất ngờ khi đang sử dụng.</p>\r\n\r\n<p>Sạc dự ph&ograve;ng hiệu Remax l&agrave; h&agrave;ng cao cấp, bạn kh&ocirc;ng lo chai pin, c&oacute; thể tự động ngắt khi sạc đầy.</p>\r\n\r\n<p><img alt="Sạc dự phòng Remax" src="http://phukiengiare.com/images/detailed/8/pin-du-phong-remax-5000-mah.jpg" style="height:600px; width:600px" title="Sạc dự phòng Remax" /></p>\r\n\r\n<p><img alt="Sạc dự phòng Remax" src="http://phukiengiare.com/images/detailed/8/pin-du-phong-remax-5000-mah-1.jpg" style="height:399px; width:600px" title="Sạc dự phòng Remax" /></p>\r\n\r\n<p><img alt="Sạc dự phòng Remax" src="http://phukiengiare.com/images/detailed/8/pin-du-phong-remax-5000-mah-2.jpg" style="height:600px; width:600px" title="Sạc dự phòng Remax" /></p>\r\n\r\n<p><img alt="Sạc dự phòng Remax" src="http://phukiengiare.com/images/detailed/8/pin-du-phong-remax-5000-mah-3.jpg" style="height:600px; width:600px" title="Sạc dự phòng Remax" /></p>\r\n', 6, 1, 0, '350000', 300000, '', 0, 1, 1, 0, 0, 1, 10, 1, 1, '2017-06-09 13:39:08', '2017-06-09 13:39:30'),
(6, 'Pin sạc dự phòng Xiaomi 5000 mAh chính hãng', 'Pin sac du phong Xiaomi 5000 mAh chinh hang', 'pin-sac-du-phong-xiaomi-5000-mah-chinh-hang', '', '<p><a href="http://phukiengiare.com/huong-dan-phan-biet-pin-du-phong-xiaomi-chinh-hang-va-fake.html" target="_blank"><strong>Hướng dẫn ph&acirc;n biệt pin dự ph&ograve;ng Xiaomi ch&iacute;nh h&atilde;ng v&agrave; Fake</strong></a></p>\r\n\r\n<p>D&ograve;ng pin xiaomi 5000mah l&agrave; sự n&acirc;ng cấp từ d&ograve;ng 5200mah cũ, sử dụng l&otilde;i pin Lithium Polymer cao cấp, giảm trọng lượng, khiến cho pin mỏng hơn v&agrave; n&acirc;ng cao tuổi thọ pin</p>\r\n- Vỏ pin Xiaomi được thiết kế bằng vỏ hợp kim nh&ocirc;m với m&agrave;u bạc sang trọng v&agrave; tinh tế.<br />\r\n- Pin được thiết kế với kiểu d&aacute;ng khỏe khoắn, năng động, nhỏ gọn cực ph&ugrave; hợp cho những chuyến đi xa.<br />\r\n- Với pin Xiaomi bạn c&oacute; thể thoải m&aacute;i gọi điện v&agrave; chơi game h&agrave;ng giờ.<br />\r\n- Tự động kiểm tra kết nối đầu v&agrave;o v&agrave; đầu ra.<br />\r\n- Bảo vệ điện &aacute;p v&agrave;o v&agrave; điện &aacute;p ra của sản phẩm, bảo vệ pin điện thoại của bạn.<br />\r\n- Với hai đầu nối, bạn c&oacute; thể nạp hoặc sạc điện thoại di động hoặc PDA, iPod/iPhone/iPad, PSP, MP3/MP4 players, m&aacute;y chụp h&igrave;nh KTS v&agrave; c&aacute;c thiết bị di động kh&aacute;c mọi l&uacute;c mọi nơi.&nbsp;<br />\r\n- C&oacute; thể sạc lại cho Pin Xiaomi từ cổng USB của m&aacute;y t&iacute;nh hoặc từ adaptor th&ocirc;ng qua sợi c&aacute;p USB.&nbsp;<br />\r\n- Pin tự động dừng sạc khi thiết bị được sạc đầy.<br />\r\n- Xiaomu đ&aacute;p ứng mọi chuẩn về sự an to&agrave;n<br />\r\n- Trọng lượng: 156g<br />\r\n- K&iacute;ch thước:&nbsp;&nbsp;125x69x9.9 mm<br />\r\n<strong>- Input voltage:</strong>DC 5V<br />\r\n<strong>- Output voltage:</strong>DC 5.1V<br />\r\n<strong>- Input current:</strong>2.0A (TYP)<br />\r\n<strong>- Output current:2.1</strong>A (TYP)<br />\r\n<br />\r\n<br />\r\n<em>Bộ sản phẩm bao gồm:</em>\r\n\r\n<ul>\r\n	<li>Cục pin dự ph&ograve;ng Xiaomi.</li>\r\n	<li>Micro USB cable.</li>\r\n	<li>S&aacute;ch hướng dẫn.</li>\r\n</ul>\r\n', 7, 1, 0, '390000', 350000, '', 0, 1, 1, 0, 0, 1, 11, 1, 1, '2017-06-09 13:40:13', '2017-06-09 13:40:26'),
(7, 'Tai Nghe Bluetooth hiệu Baseus Timk Series', 'Tai Nghe Bluetooth hieu Baseus Timk Series', 'tai-nghe-bluetooth-hieu-baseus-timk-series', '', '', 8, 3, 0, '295,000', 200000, '', 0, 1, 1, 0, 0, 1, 12, 1, 1, '2017-06-09 13:40:49', '2017-06-09 13:40:49'),
(8, 'Pin dự phòng TITAN 5000mAh Made in VietNam', 'Pin du phong TITAN 5000mAh Made in VietNam', 'pin-du-phong-titan-5000mah-made-in-vietnam', '', '<p>Pin dự ph&ograve;ng TITAN 5000mAh Made in VietNam c&oacute; thiết kế nh&ocirc;m nguy&ecirc;n khối, vu&ocirc;ng vứt, nhỏ gọn.</p>\r\n\r\n<p>Sử dụng&nbsp;l&otilde;i Poymer si&ecirc;u nhẹ v&agrave; rất mỏng n&ecirc;n kh&aacute; tiện lợi để mang theo bất cứ đ&acirc;u.</p>\r\n\r\n<p>C&oacute; thể sạc c&ugrave;ng l&uacute;c hai thiết bị. Hơn nữa sạc c&ograve;n c&oacute; chip th&ocirc;ng minh tự ngắt điện &aacute;p khi sạc đầy, tr&aacute;nh t&igrave;nh trạng bị chai pin c&oacute; thể xảy ra.</p>\r\n\r\n<p>Sản phẩm ch&iacute;nh h&atilde;ng Titan được sản xuất trực tiếp tại Việt nam được đảm bảo chất lượng cũng như bảo h&agrave;nh cho sản &nbsp;phẩm.</p>\r\n\r\n<p><img alt="Pin dự phòng TITAN 5000mAh Made in VietNam" src="http://phukiengiare.com/images/detailed/31/pin-du-phong-titan-5000-mah-1.jpg" /></p>\r\n\r\n<p><img alt="Pin dự phòng TITAN 5000mAh Made in VietNam" src="http://phukiengiare.com/images/detailed/31/pin-du-phong-titan-5000-mah-2.jpg" /></p>\r\n\r\n<p><img alt="Pin dự phòng TITAN 5000mAh Made in VietNam" src="http://phukiengiare.com/images/detailed/31/pin-du-phong-titan-5000-mah-3.jpg" /></p>\r\n\r\n<p><img alt="Pin dự phòng TITAN 5000mAh Made in VietNam" src="http://phukiengiare.com/images/detailed/31/pin-du-phong-titan-5000-mah-4.jpg" /></p>\r\n', 9, 1, 0, '400000', 350000, '', 0, 1, 1, 0, 0, 1, 13, 1, 1, '2017-06-09 13:41:10', '2017-06-09 13:41:10'),
(9, 'Tai nghe Bluetooth MBH20 Chính Hãng Sony', 'Tai nghe Bluetooth MBH20 Chính Hãng Sony', 'tai-nghe-bluetooth-mbh20-chinh-hang-sony', '', '', 10, 3, 0, '650,000', 600, '', 0, 1, 1, 0, 0, 1, 14, 1, 1, '2017-06-09 13:41:32', '2017-06-09 13:41:32'),
(10, 'Samsung Portable Battery Pack 3.100 mAh (Pin dự phòng Samsung chính hãng)', 'Samsung Portable Battery Pack 3.100 mAh (Pin du phong Samsung chinh hang)', 'samsung-portable-battery-pack-3100-mah-pin-du-phong-samsung-chinh-hang', '', '<p>- Pin sạc dự ph&ograve;ng Powerbank Samsung 3100 mAh ch&iacute;nh h&atilde;ng được Samsung sản xuất với kiểu d&aacute;ng thời trang v&agrave; sang trọng</p>\r\n\r\n<p>- Thiết kế dẹt v&agrave; mỏng kh&aacute;c biệt ho&agrave;n to&agrave;n với c&aacute;c loại pin sạc dự ph&ograve;ng c&oacute; tr&ecirc;n thị trường hiện nay</p>\r\n\r\n<p>- Dung lượng 3100 mAh c&oacute; thể sạc đầy 1 lần pin đối với Galaxy S4 ,S3 hoặc Note 2, sạc gần đầy đối với Note 3</p>\r\n\r\n<p>- Bề mặt được l&agrave;m bằng nhựa giả da giống với chất liệu l&agrave;m l&ecirc;n chiếc nắp lưng của Samsung Galaxy Note 3</p>\r\n\r\n<p>- T&iacute;ch hợp d&acirc;y ch&acirc;n cắm micro usb dạng r&uacute;t v&ocirc; c&ugrave;ng tiện lợi, dễ d&agrave;ng k&eacute;o gọn v&agrave;o khi kh&ocirc;ng sử dụng đến</p>\r\n\r\n<p>- Đ&egrave;n led b&aacute;o t&igrave;nh trạng sạc v&agrave; t&igrave;nh trạng pin của ch&iacute;nh chiếc sạc dự ph&ograve;ng n&agrave;y</p>\r\n\r\n<p>- Th&ocirc;ng số kỹ thuật : input 1,5 A v&agrave; output 5V-1A, sạc đầy pin cho Galaxy S3 trong khoảng 3h đồng hồ</p>\r\n\r\n<p>- H&agrave;ng ch&iacute;nh h&atilde;ng cho d&ograve;ng điện ổn định hơn kh&ocirc;ng lo ảnh hưởng đến pin hay cảm ứng của m&aacute;y</p>\r\n\r\n<p>- Sử dụng được cho tất cả c&aacute;c Smartphone của Samsung Galaxy hiện nay c&oacute; mặt tr&ecirc;n thị trường, kể cả Note 3</p>\r\n\r\n<p>- Sản phẩm fullbox ch&iacute;nh h&atilde;ng nguy&ecirc;n tem nhập khẩu của Dầu kh&iacute; bao gồm : 1 pin sạc dự ph&ograve;ng dung lượng 3100mAh v&agrave; 1 bộ s&aacute;ch hướng dẫn sử dụng</p>\r\n\r\n<p>- Pin sạc dự ph&ograve;ng Powerbank samsung 3100mAh ch&iacute;nh h&atilde;ng bảo h&agrave;nh 6 th&aacute;ng 1 đổi 1.</p>\r\n\r\n<p>Dưới đ&acirc;y l&agrave; h&igrave;nh ảnh chi tiết của sản phẩm :</p>\r\n\r\n<p><img alt="Pin dự phòng samsung 3100 mah" src="http://phukiengiare.com/images/detailed/11/pin-du-phong-dung-luong-3100-mah-chinh-hang-samsung-1.jpg" title="Pin dự phòng samsung 3100 mah" /></p>\r\n\r\n<p><img alt="Pin dự phòng samsung 3100 mah" src="http://phukiengiare.com/images/detailed/11/pin-du-phong-dung-luong-3100-mah-chinh-hang-samsung-2.jpg" title="Pin dự phòng samsung 3100 mah" /></p>\r\n', 11, 1, 0, '500000', 450000, '', 0, 1, 1, 0, 0, 1, 15, 1, 1, '2017-06-09 13:41:53', '2017-06-09 13:41:53'),
(11, 'Tai nghe Bluetooth Samsung HM1950 Chính Hãng', 'Tai nghe Bluetooth Samsung HM1950 Chinh Hang', 'tai-nghe-bluetooth-samsung-hm1950-chinh-hang', '', '', 12, 3, 0, '850,000', 800, '', 0, 1, 1, 0, 0, 1, 16, 1, 1, '2017-06-09 13:42:20', '2017-06-09 13:42:20'),
(12, 'Pin dự phòng Yoobao chính hãng 7.800 mAh (YB-6003)', 'Pin du phong Yoobao chinh hang 7.800 mAh (YB-6003)', 'pin-du-phong-yoobao-chinh-hang-7800-mah-yb-6003', '', '<p><strong>Sạc dự ph&ograve;ng Yoobao YB-6003 dung lượng 7800 mAh</strong></p>\r\n\r\n<p>- Đầu v&agrave;o: 5V DC, 1000 mA</p>\r\n\r\n<p>- Đầu ra: 1000 mA</p>\r\n\r\n<p>- K&iacute;ch thước: 94 x 61 x 22 mm</p>\r\n\r\n<p>- Trọng lượng: 178 g</p>\r\n\r\n<p>- Khả năng sạc: sạc iPhone 4 khoảng 4 lần (trong điều kiện b&igrave;nh thường)</p>\r\n\r\n<p>- Đ&egrave;n LED c&oacute; thể chiếu s&aacute;ng đến 110 giờ</p>\r\n\r\n<p>- Đ&aacute;p ứng mọi chuẩn về sự an to&agrave;n, c&oacute; giấy chứng nhận CE, FC v&agrave; ROHS</p>\r\n\r\n<p>- Sản phẩm ch&iacute;nh h&atilde;ng Yoobao (Trung Quốc)</p>\r\n\r\n<p><img alt="Sạc dự phòng Yoobao YB-6003" src="http://phukiengiare.com/images/detailed/18/sac-du-phong-yoobao-yb-6003-1.jpg" /></p>\r\n\r\n<p><img alt="Sạc dự phòng Yoobao YB-6003" src="http://phukiengiare.com/images/detailed/18/sac-du-phong-yoobao-yb-6003-2.jpg" /></p>\r\n\r\n<p><img alt="Sạc dự phòng Yoobao YB-6003" src="http://phukiengiare.com/images/detailed/18/sac-du-phong-yoobao-yb-6003-3.jpg" /></p>\r\n\r\n<p><img alt="Sạc dự phòng Yoobao YB-6003" src="http://phukiengiare.com/images/detailed/18/sac-du-phong-yoobao-yb-6003-4.jpg" /></p>\r\n\r\n<p><img alt="Sạc dự phòng Yoobao YB-6003" src="http://phukiengiare.com/images/detailed/18/sac-du-phong-yoobao-yb-6003-5.jpg" /></p>\r\n\r\n<p><img alt="Sạc dự phòng Yoobao YB-6003" src="http://phukiengiare.com/images/detailed/18/sac-du-phong-yoobao-yb-6003-6.jpg" /></p>\r\n', 14, 1, 0, '500000', 450000, '', 0, 1, 1, 0, 0, 1, 17, 1, 1, '2017-06-09 13:42:49', '2017-06-09 13:42:57'),
(13, 'Tai nghe Bluetooth Headphone Remax RB-200HB', 'Tai nghe Bluetooth Headphone Remax RB-200HB', 'tai-nghe-bluetooth-headphone-remax-rb-200hbTai nghe Bluetooth Headphone Remax RB-200HB', '', '', 13, 3, 0, '850,00', 850, '', 0, 1, 1, 0, 0, 1, 18, 1, 1, '2017-06-09 13:42:56', '2017-06-09 13:42:56'),
(14, 'Tai nghe Bluetooth Headphone Remax RB-195HB', 'Tai nghe Bluetooth Headphone Remax RB-195HB', 'tai-nghe-bluetooth-headphone-remax-rb-195hb', '', '', 15, 3, 0, '870,000', 870, '', 0, 1, 1, 0, 0, 1, 19, 1, 1, '2017-06-09 13:43:19', '2017-06-09 13:43:19'),
(15, 'TAI NGHE BLUETOOTH CROISE.R PSB-100', 'TAI NGHE BLUETOOTH CROISE.R PSB-100', 'tai-nghe-bluetooth-croiser-psb-100', '', '', 16, 3, 0, '990,000', 990, '', 0, 1, 1, 0, 0, 1, 20, 1, 1, '2017-06-09 13:43:44', '2017-06-09 13:43:44'),
(16, 'Pin dự phòng TITAN 10.000mAh Made in VietNam', 'Pin du phong TITAN 10.000mAh Made in VietNam', 'pin-du-phong-titan-10000mah-made-in-vietnam', '', '<p>Pin dự ph&ograve;ng TITAN 10.000mAh Made in VietNam c&oacute; thiết kế nh&ocirc;m nguy&ecirc;n khối, vu&ocirc;ng vứt, nhỏ gọn.</p>\r\n\r\n<p>Sử dụng&nbsp;l&otilde;i Poymer si&ecirc;u nhẹ v&agrave; rất mỏng n&ecirc;n kh&aacute; tiện lợi để mang theo bất cứ đ&acirc;u.</p>\r\n\r\n<p>C&oacute; thể sạc c&ugrave;ng l&uacute;c hai thiết bị. Hơn nữa sạc c&ograve;n c&oacute; chip th&ocirc;ng minh tự ngắt điện &aacute;p khi sạc đầy, tr&aacute;nh t&igrave;nh trạng bị chai pin c&oacute; thể xảy ra.</p>\r\n\r\n<p>Sản phẩm ch&iacute;nh h&atilde;ng Titan được sản xuất trực tiếp tại Việt nam được đảm bảo chất lượng cũng như bảo h&agrave;nh cho sản &nbsp;phẩm.</p>\r\n\r\n<p><img alt="Pin dự phòng TITAN 10.000mAh Made in VietNam" src="http://phukiengiare.com/images/detailed/31/pin-du-phong-titan-10000-mah-1.jpg" /></p>\r\n\r\n<p><img alt="Pin dự phòng TITAN 10.000mAh Made in VietNam" src="http://phukiengiare.com/images/detailed/31/pin-du-phong-titan-10000-mah-2.jpg" /></p>\r\n\r\n<p><img alt="Pin dự phòng TITAN 10.000mAh Made in VietNam" src="http://phukiengiare.com/images/detailed/31/pin-du-phong-titan-10000-mah-3.jpg" /></p>\r\n\r\n<p><img alt="Pin dự phòng TITAN 10.000mAh Made in VietNam" src="http://phukiengiare.com/images/detailed/31/pin-du-phong-titan-10000-mah-4.jpg" /></p>\r\n\r\n<p><img alt="Pin dự phòng TITAN 10.000mAh Made in VietNam" src="http://phukiengiare.com/images/detailed/31/pin-du-phong-titan-10000-mah-5.jpg" /></p>\r\n', 17, 1, 0, '550000', 500000, '', 0, 1, 1, 0, 0, 1, 21, 1, 1, '2017-06-09 13:43:54', '2017-06-09 13:43:55'),
(17, 'TAI NGHE BLUETOOTH CROISE.R PBH-200', 'TAI NGHE BLUETOOTH CROISE.R PBH-200', 'tai-nghe-bluetooth-croiser-pbh-200', '', '', 18, 3, 0, '1,190,000', 1, '', 0, 1, 1, 0, 0, 1, 22, 1, 1, '2017-06-09 13:44:14', '2017-06-09 13:44:14'),
(18, 'Tai nghe Bluetooth kiêm bút S-Pen HM5100 (chính hãng Samsung)', 'Tai nghe Bluetooth kiem but S-Pen HM5100 (chinh hang Samsung)', 'tai-nghe-bluetooth-kiem-but-s-pen-hm5100-chinh-hang-samsung', '', '', 19, 3, 0, '1,290,000', 1, '', 0, 1, 1, 0, 0, 1, 23, 1, 1, '2017-06-09 13:44:52', '2017-06-09 13:44:52'),
(19, 'Pin sạc dự phòng Xiaomi 10.400 mAh chính hãng', 'Pin sac du phong Xiaomi 10.400 mAh chinh hang', 'pin-sac-du-phong-xiaomi-10400-mah-chinh-hang', '', '<p><a href="http://phukiengiare.com/huong-dan-phan-biet-pin-du-phong-xiaomi-chinh-hang-va-fake.html" target="_blank"><strong>Hướng dẫn ph&acirc;n biệt pin dự ph&ograve;ng Xiaomi ch&iacute;nh h&atilde;ng v&agrave; Fake</strong></a></p>\r\n\r\n<p>Pin sạc dự ph&ograve;ng Xiaomi được sử dụng ho&agrave;n to&agrave;n bằng những linh kiện cao cấp , cell pin được cung cấp bới LG v&agrave; Samsung , đặc biệt , Xiaomi Power Bank 10400 mAh sử dụng chip điều khiển d&ograve;ng điện của thương hiệu Texas intruments gi&uacute;p cung cấp nguồn điện ổn định v&agrave; an to&agrave;n cho điện thoại , dung lượng pin l&ecirc;n đến 10400mAh k&eacute;o d&agrave;i thời gian sử dụng pin cho c&aacute;c thiết bị điện tử: điện thoại th&ocirc;ng minh, m&aacute;y t&iacute;nh bảng, chụp ảnh kỹ thuật số.</p>\r\n\r\n<p>Dung lượng pin dự ph&ograve;ng đ&aacute;p ứng được hơn 2,5 lần sạc đầy pin cho Xiaomi MI3 (3050mAh)</p>\r\n\r\n<p>+ 2,5 lần cho Xiaomi MI3.</p>\r\n\r\n<p>+ 4, 5 lần cho iPhone 5/5s.</p>\r\n\r\n<p>+ 1,5 lần cho mini iPad.</p>\r\n\r\n<p>Đặc biệt Xiaomi Power Bank 10400 mAh được l&agrave;m bằng hợp kim nh&ocirc;m nguy&ecirc;n khối cho vẻ ngo&agrave;i đẹp v&agrave; sang trọng , kh&ocirc;ng những thế , lớp hợp kim n&agrave;y cấu tr&uacute;c c&oacute; độ bền cao, khả năng chống rơi v&agrave; chống va chạm, bề mặt ngăn chặn mồ h&ocirc;i v&agrave; chống ăn m&ograve;n.</p>\r\n\r\n<p>+ Trọng lượng chịu tải tối đa: 50kg.</p>\r\n\r\n<p>+ Đ&atilde; kiểm tra 300 lần.</p>\r\n\r\n<p>Hướng Dẫn Sạc 3 Lần Đầu Đ&uacute;ng C&aacute;ch :</p>\r\n\r\n<p>Lần sạc đầu ti&ecirc;n: Cần sạc v&agrave; giữ nguy&ecirc;n trạng th&aacute;i sạc pin từ 8 - 10 giờ v&agrave; c&oacute; thể sạc ngay sau khi mua m&aacute;y m&agrave; kh&ocirc;ng phải chờ cho đến khi hết điện trong pin. Để thuận tiện, n&ecirc;n sạc v&agrave;o buổi tối, cắm sạc li&ecirc;n tục trong v&ograve;ng 8 - 10 giờ v&agrave; sau đ&oacute; c&oacute; thể th&aacute;o ra sử dụng.</p>\r\n\r\n<p>Lần sạc thứ hai: Chỉ tiến h&agrave;nh sau khi đ&atilde; d&ugrave;ng cạn kiệt điện của lần thứ nhất v&agrave; thời gian sạc pin cũng thực hiện từ 8 - 10 giờ như lần sạc đầu.</p>\r\n\r\n<p>Lần sạc thứ ba: Chỉ tiến h&agrave;nh khi đ&atilde; d&ugrave;ng kiệt pin điện của lần sạc trước v&agrave; cũng sạc li&ecirc;n tục từ 8 - 10 giờ như hai lần sạc trước.</p>\r\n\r\n<p>Từ lần sạc thứ tư trở đi: Kh&ocirc;ng n&ecirc;n để kiệt pin cũng như sạc khi pin vẫn c&ograve;n nhiều điện, tốt nhất l&agrave; sạc khi pin b&aacute;o c&ograve;n một vạch.</p>\r\n\r\n<p><img alt="Sạc dự phòng Xiaomi 10400 mAh" src="http://phukiengiare.com/images/detailed/19/pin-du-phong-xiaomi-10400-mah-1.jpg" /></p>\r\n\r\n<p><img alt="Sạc dự phòng Xiaomi 10400 mAh" src="http://phukiengiare.com/images/detailed/19/pin-du-phong-xiaomi-10400-mah-2.jpg" /></p>\r\n', 20, 1, 0, '590000', 540000, '', 0, 1, 1, 0, 0, 1, 24, 1, 1, '2017-06-09 13:45:09', '2017-06-09 13:45:09'),
(20, 'Tai nghe Bluetooth Sony SBH50', 'Tai nghe Bluetooth Sony SBH50', 'tai-nghe-bluetooth-sony-sbh50', '', '', 21, 3, 0, '1,590,000', 1, '', 0, 1, 1, 0, 0, 1, 25, 1, 1, '2017-06-09 13:45:16', '2017-06-09 13:45:17'),
(21, 'Tai nghe Bluetooth Samsung LEVEL U Chính Hãng', 'Tai nghe Bluetooth Samsung LEVEL U Chinh Hang', 'tai-nghe-bluetooth-samsung-level-u-chinh-hang', '', '', 22, 3, 0, '1,650,000', 1, '', 0, 1, 1, 0, 0, 1, 26, 1, 1, '2017-06-09 13:45:41', '2017-06-09 13:45:41'),
(22, 'Sạc dự phòng vỏ nhôm cao cấp hiệu iHave Boss', 'Sac du phong vo nhom cao cap hieu iHave Boss', 'sac-du-phong-vo-nhom-cao-cap-hieu-ihave-boss', '', '<p><strong>PIN DỰ PH&Ograve;NG cao cấp iHave Boss cực kỳ sang trọng.</strong></p>\r\n\r\n<p>Pin iHave Boss 5000mAh gi&aacute; 600.000đ.</p>\r\n\r\n<p>Pin iHave Boss 10.000mAh gi&aacute; 900.000đ.&nbsp;<em>(Đặc biệt: Mua cả bao da bảo vệ d&agrave;nh ri&ecirc;ng cho iHave Boss 10.000 mAh 160.000đ giảm c&ograve;n 100.000đ)</em></p>\r\n\r\n<p>✔ Vỏ ngo&agrave;i được l&agrave;m từ nh&ocirc;m nguy&ecirc;n khối, gia c&ocirc;ng chi tiết, tinh xảo.</p>\r\n\r\n<p>✔ Điện &aacute;p đầu v&agrave;o 2A, đầu ra 2.4A gi&uacute;p sạc pin v&agrave; thiết bị của bạn nhanh hơn, ph&ugrave; hợp với mọi thiết bị từ điện thoại đến m&aacute;y t&iacute;nh bảng.</p>\r\n\r\n<p>✔ Hiệu suất chuyển đổi d&ograve;ng điện cao, tuổi thọ pin l&acirc;u, điện &aacute;p ổn định.</p>\r\n\r\n<p>✔ C&oacute; t&iacute;nh năng lắc để bật nguồn sạc v&agrave; tự ngắt khi sạc đầy.</p>\r\n\r\n<p>✔ H&agrave;ng ch&iacute;nh h&atilde;ng iHave Hongkong: ihave.hk</p>\r\n\r\n<p>✔ Bảo h&agrave;nh 6 th&aacute;ng, lỗi đổi pin mới.</p>\r\n\r\n<p>✔ C&oacute; c&aacute;c m&agrave;u: V&agrave;ng champagne, Bạc, X&aacute;m</p>\r\n\r\n<p>Tặng k&egrave;m c&aacute;p lightning 22cm, thuận tiện mang c&ugrave;ng pin dự ph&ograve;ng.</p>\r\n\r\n<p><img alt="Pin dự phòng iHave" src="http://phukiengiare.com/images/detailed/18/pin-sac-du-phong-ihave-boss-1.jpg" /></p>\r\n\r\n<p><img alt="Pin dự phòng iHave" src="http://phukiengiare.com/images/detailed/18/pin-sac-du-phong-ihave-boss-2.jpg" /></p>\r\n\r\n<p><img alt="Pin dự phòng iHave" src="http://phukiengiare.com/images/detailed/18/pin-sac-du-phong-ihave-boss-3.jpg" /></p>\r\n\r\n<p><img alt="Pin dự phòng iHave" src="http://phukiengiare.com/images/detailed/18/pin-sac-du-phong-ihave-boss-4.jpg" /></p>\r\n\r\n<p><img alt="Pin dự phòng iHave" src="http://phukiengiare.com/images/detailed/18/pin-sac-du-phong-ihave-boss-5.jpg" /></p>\r\n', 23, 1, 0, '600000', 550000, '', 0, 1, 1, 0, 0, 1, 27, 1, 1, '2017-06-09 13:45:42', '2017-06-09 13:45:42'),
(23, 'Tai nghe Bluetooth Samsung LEVEL U PRO Chính Hãng', 'Tai nghe Bluetooth Samsung LEVEL U PRO Chinh Hang', 'tai-nghe-bluetooth-samsung-level-u-pro-chinh-hang', '', '', 24, 3, 0, '2,190,000', 2, '', 0, 1, 1, 0, 0, 1, 28, 1, 1, '2017-06-09 13:46:06', '2017-06-09 13:46:06'),
(24, 'Tai nghe bluetooth Jabra Sport Coach', 'Tai nghe bluetooth Jabra Sport Coach', 'tai-nghe-bluetooth-jabra-sport-coach', '', '', 25, 3, 0, '2,850,000', 2, '', 0, 1, 1, 0, 0, 1, 29, 1, 1, '2017-06-09 13:46:29', '2017-06-09 13:46:29'),
(25, 'Pin sạc dự phòng Baseus 10.000mAh', 'Pin sac du phong Baseus 10.000mAh', 'pin-sac-du-phong-baseus-10000mah', '', '<p>Pin sạc dự ph&ograve;ng Baseus 10.000mAh l&agrave;m từ nh&ocirc;m cao cấp, mỏng nhẹ, chịu nhiệt tốt tương th&iacute;ch với c&aacute;c thiết bị điện thoại, m&aacute;y t&iacute;nh bảng.</p>\r\n\r\n<p>L&otilde;i pin l&agrave;m từ lithium-ion polymer cho hiệu suất hoạt động của pin cao, đảm bảo độ bền kết hợp với với chip xử l&iacute; th&ocirc;ng minh gi&uacute;p bảo vệ thiết bị khi sạc.</p>\r\n\r\n<p>Trọng lượng nhẹ chỉ 223g, dễ d&agrave;ng mang theo bất cứ đ&acirc;u để sử dụng. Sạc nhanh c&ugrave;ng l&uacute;c hai thiết bị với hai cổng USB: 2.1A</p>\r\n\r\n<p><img alt="Pin sạc dự phòng Baseus 10.000mAh" src="http://phukiengiare.com/images/detailed/31/pin-du-phong-baseus-10000mah-1.jpg" /></p>\r\n\r\n<p><img alt="Pin sạc dự phòng Baseus 10.000mAh" src="http://phukiengiare.com/images/detailed/31/pin-du-phong-baseus-10000mah-2.jpg" /></p>\r\n\r\n<p><img alt="Pin sạc dự phòng Baseus 10.000mAh" src="http://phukiengiare.com/images/detailed/31/pin-du-phong-baseus-10000mah-3.jpg" /></p>\r\n\r\n<p><img alt="Pin sạc dự phòng Baseus 10.000mAh" src="http://phukiengiare.com/images/detailed/31/pin-du-phong-baseus-10000mah-4.jpg" /></p>\r\n\r\n<p><img alt="Pin sạc dự phòng Baseus 10.000mAh" src="http://phukiengiare.com/images/detailed/31/pin-du-phong-baseus-10000mah-5.jpg" /></p>\r\n', 26, 1, 0, '650000', 600000, '', 0, 1, 1, 0, 0, 1, 30, 1, 1, '2017-06-09 13:47:12', '2017-06-09 13:47:12'),
(26, 'Sạc dự phòng cao cấp 5000 mAh hiệu Remax( Mẫu mới)', 'Sac du phong cao cap 5000 mAh hieu Remax( Mau moi)', 'sac-du-phong-cao-cap-5000-mah-hieu-remax-mau-moi', '', '', 27, 1, 0, '250,000', 250, '', 0, 1, 1, 0, 0, 1, 31, 1, 1, '2017-06-09 13:49:02', '2017-06-09 13:49:02'),
(27, 'Ốp lưng dẻo Iphone 6 hình hổ 3D', 'Op lung deo Iphone 6 hinh ho 3D', 'op-lung-deo-iphone-6-hinh-ho-3d', '', '<p><a href="http://phukiengiare.com/bao-da-op-lung-iphone-6.html">Ốp lưng dẻo Iphone 6/6s</a>&nbsp;h&igrave;nh hổ 3D&nbsp;l&agrave;m từ silicon cao cấp, si&ecirc;u dẻo, si&ecirc;u mỏng, si&ecirc;u bền l&agrave; sản phẩm bảo vệ cho chiếc iphone cực k&igrave; tốt.</p>\r\n\r\n<p>Thiết kế độc đ&aacute;o với h&igrave;nh hổ in nổi&nbsp;cho điện thoại của bạn một phong c&aacute;ch mới.</p>\r\n\r\n<p>Sử dụng c&ocirc;ng nghệ ti&ecirc;n tiến c&aacute;c đường cắt ch&iacute;nh x&aacute;c với c&aacute;c chi tiết tr&ecirc;n Iphone 6/6s</p>\r\n\r\n<p>Chất liệu TPU dẻo si&ecirc;u mỏng, &ocirc;m s&aacute;t viền tr&aacute;nh trầy xước m&aacute;y, bảo vệ to&agrave;n bộ viền m&aacute;y.</p>\r\n\r\n<p>&nbsp;</p>\r\n\r\n<p>&nbsp;</p>\r\n\r\n<p><img alt="Ốp lưng dẻo Iphone 6 hình hổ 3D" src="http://phukiengiare.com/images/detailed/33/op-lung-iphone-6-deo-hinh-ho-3d-1.jpg" /></p>\r\n\r\n<p><img alt="Ốp lưng dẻo Iphone 6 hình hổ 3D" src="http://phukiengiare.com/images/detailed/33/op-lung-iphone-6-deo-hinh-ho-3d-2.jpg" /></p>\r\n\r\n<p><img alt="Ốp lưng dẻo Iphone 6 hình hổ 3D" src="http://phukiengiare.com/images/detailed/33/op-lung-iphone-6-deo-hinh-ho-3d-3.jpg" /></p>\r\n\r\n<p><img alt="Ốp lưng dẻo Iphone 6 hình hổ 3D" src="http://phukiengiare.com/images/detailed/33/op-lung-iphone-6-deo-hinh-ho-3d-4.jpg" /></p>\r\n\r\n<p><img alt="Ốp lưng dẻo Iphone 6 hình hổ 3D" src="http://phukiengiare.com/images/detailed/33/op-lung-iphone-6-deo-hinh-ho-3d-5.jpg" /></p>\r\n', 28, 2, 0, '80000', 60000, '', 0, 1, 1, 0, 0, 1, 33, 1, 1, '2017-06-09 13:52:16', '2017-06-09 13:52:16'),
(28, 'Ốp lưng TPU dẻo siêu mỏng iPhone 6/6s hiệu HOCO Frosted', 'Op lung TPU deo sieu mong iPhone 6-6s hieu HOCO Frosted', 'op-lung-tpu-deo-sieu-mong-iphone-66s-hieu-hoco-frosted', '', '<a href="http://phukiengiare.com/bao-da-op-lung-iphone-6.html"><strong>ỐP LƯNG TPU DẺO SI&Ecirc;U MỎNG iPHONE 6/6s</strong></a>&nbsp;hiệu HOCO Frosted ĐỘT PH&Aacute; VỚI 2 ƯU DIỂM.<br />\r\n&nbsp;<br />\r\nƯU ĐIỂM 1: BẢO VỆ TỐT &amp; SI&Ecirc;U&nbsp;MỎNG - Ốp silicon th&ocirc;ng thường d&agrave;y từ 1mm đến 1.5 mm, bấm c&aacute;c n&uacute;t &acirc;m lượng n&uacute;t nguồn thường gặp kh&oacute; khăn. HOCO Frosted TPU&nbsp;s&aacute;ng tạo tr&ecirc;n nền chất liệu TPU cao cấp cho ph&eacute;p ốp vừa c&oacute; độ dẻo&nbsp;tốt&nbsp;lại c&oacute; thiết kế cực mỏng, cực nhẹ m&agrave; t&iacute;nh cố định &ocirc;m s&aacute;t m&aacute;y vẫn đảm bảo; thao t&aacute;c bấm mở n&uacute;t nguồn v&agrave; tăng giảm &acirc;m lượng nhẹ nh&agrave;ng dễ d&agrave;ng.<br />\r\n&nbsp;<br />\r\nƯU ĐIỂM 2: CHỐNG HẤP HƠI V&Agrave; D&Iacute;NH LƯNG M&Aacute;Y- C&aacute;c loại ốp lưng trong silicon dẻo kh&aacute;c thường hay bị t&igrave;nh trạng d&iacute;nh v&agrave; hấp hơi đằng lưng m&aacute;y khi mặt sau m&aacute;y iPhone. Đối với ốp lưng Hoco Frosted tpu&nbsp;n&agrave;y cả hai mặt đều c&oacute; phủ sơn nano, chống trầy xước, chống d&iacute;nh, b&aacute;m v&acirc;n tay, mồ h&ocirc;i cực tốt. Ngo&agrave;i mặt lưng c&oacute; thiết kế nh&aacute;m, ốp c&oacute; độ cứng như c&aacute;c loại ốp nhựa kh&aacute;c, lại c&oacute; độ dẻo tốt c&ugrave;ng với thiết kế si&ecirc;u mỏng, gọn gi&uacute;p bảo vệ cho chiếc Iphone của bạn một c&aacute;ch ho&agrave;n hảo\r\n<p><img alt="Ốp lưng TPU dẻo siêu mỏng iPhone 6/6s hiệu HOCO" src="http://phukiengiare.com/images/detailed/33/op-lung-iphone-6-6s-hoco-tpu-1.jpg" /></p>\r\n\r\n<p><img alt="Ốp lưng TPU dẻo siêu mỏng iPhone 6/6s hiệu HOCO" src="http://phukiengiare.com/images/detailed/33/op-lung-iphone-6-6s-hoco-tpu-2.jpg" /></p>\r\n\r\n<p><img alt="Ốp lưng TPU dẻo siêu mỏng iPhone 6/6s hiệu HOCO" src="http://phukiengiare.com/images/detailed/33/op-lung-iphone-6-6s-hoco-tpu-3.jpg" /></p>\r\n\r\n<p><img alt="Ốp lưng TPU dẻo siêu mỏng iPhone 6/6s hiệu HOCO" src="http://phukiengiare.com/images/detailed/33/op-lung-iphone-6-6s-hoco-tpu-4.jpg" /></p>\r\n\r\n<p><img alt="Ốp lưng TPU dẻo siêu mỏng iPhone 6/6s hiệu HOCO" src="http://phukiengiare.com/images/detailed/33/op-lung-iphone-6-6s-hoco-tpu-5.jpg" /></p>\r\n', 29, 2, 0, '145000', 130000, '', 0, 1, 1, 0, 0, 1, 34, 1, 1, '2017-06-09 13:52:58', '2017-06-09 13:52:58'),
(29, 'Ốp lưng dạ quang 3D Iphone 6/6s Hiệu Luxo', 'Op lung da quang 3D Iphone 6-6s Hieu Luxo', 'op-lung-da-quang-3d-iphone-66s-hieu-luxo', '', '<a href="http://phukiengiare.com/bao-da-op-lung-iphone-6.html">Ốp lưng dạ quang 3D Iphone 6/6s</a>&nbsp;hiệu Luxo l&agrave;m từ nhựa Polycarbonat cao cấp, c&oacute; in h&igrave;nh 3D c&aacute;c động vật như sư tử, s&oacute;i, voi, c&uacute;.. Ốp lưng c&oacute; m&agrave;u sắc v&agrave; hoa văn độc đ&aacute;o, m&agrave;u dạ quang nổi bật.<br />\r\n- Bảo vệ tốt cho Iphone 6/6S, chống bụi, bẩn, trầy xước..<br />\r\n- Kiểu d&aacute;ng đa dạng, m&agrave;u sắc nổi bật.\r\n<p><img alt="Ốp lưng dạ quang 3D Iphone 6/6s Hiệu Luxo" src="http://phukiengiare.com/images/detailed/33/op-lung-iphone-6-6s-luxo-da-quang-3d-1.jpg" /></p>\r\n\r\n<p><img alt="Ốp lưng dạ quang 3D Iphone 6/6s Hiệu Luxo" src="http://phukiengiare.com/images/detailed/33/op-lung-iphone-6-6s-luxo-da-quang-3d-2.jpg" /></p>\r\n\r\n<p>&nbsp;</p>\r\n\r\n<p><img alt="Ốp lưng dạ quang 3D Iphone 6/6s Hiệu Luxo" src="http://phukiengiare.com/images/detailed/33/op-lung-iphone-6-6s-luxo-da-quang-3d-4.jpg" /></p>\r\n\r\n<p><img alt="Ốp lưng dạ quang 3D Iphone 6/6s Hiệu Luxo" src="http://phukiengiare.com/images/detailed/33/op-lung-iphone-6-6s-luxo-da-quang-3d-5.jpg" /></p>\r\n\r\n<p><img alt="Ốp lưng dạ quang 3D Iphone 6/6s Hiệu Luxo" src="http://phukiengiare.com/images/detailed/33/op-lung-iphone-6-6s-luxo-da-quang-3d-6.jpg" /></p>\r\n\r\n<p><img alt="Ốp lưng dạ quang 3D Iphone 6/6s Hiệu Luxo" src="http://phukiengiare.com/images/detailed/33/op-lung-iphone-6-6s-luxo-da-quang-3d-7.jpg" /></p>\r\n\r\n<p><img alt="" src="http://phukiengiare.com/images/detailed/33/op-lung-iphone-6-6s-luxo-da-quang-3d-9.jpg" style="height:1158px; width:600px" /></p>\r\n', 30, 2, 0, '120000', 100000, '', 0, 1, 1, 0, 0, 1, 35, 1, 1, '2017-06-09 13:53:47', '2017-06-09 13:53:47'),
(30, 'Ốp lưng trong iPhone 6 viền silicon màu', 'Op lung trong iPhone 6 vien silicon mau', 'op-lung-trong-iphone-6-vien-silicon-mau', '', '<p>Với mặt sau l&agrave;m từ nhựa cứng trong suốt gi&uacute;p nh&igrave;n thấy thiết kế sang trọng của iphone 6, xung quanh l&agrave;m từ nhựa dẻo bảo vệ viền m&aacute;y kh&ocirc;ng bị trầy xước.</p>\r\n\r\n<p>C&oacute; nhiều m&agrave;u để chọn lựa, gi&uacute;p iphone 6 vừa được bảo vệ m&agrave; c&ograve;n thời trang hơn.</p>\r\n\r\n<p>Sản phẩm&nbsp;<a href="http://phukiengiare.com/phu-kien-theo-cac-dong-may/phu-kien-apple/iphone-6.html" title="ốp lưng iphone 6">ốp lưng iphone 6</a>&nbsp;trong suốt viền silicon m&agrave;u kh&ocirc;ng bị oxy h&oacute;a như c&aacute;c loại ốp lưng dẻo kh&aacute;c tr&ecirc;n thị trường.</p>\r\n\r\n<p><img alt="Ốp lưng iPhone 6" src="http://phukiengiare.com/images/detailed/15/op-trong-vien-mau-iphone-6-1.jpg" style="height:450px; width:600px" title="Ốp lưng iPhone 6" /></p>\r\n\r\n<p><img alt="Ốp lưng iPhone 6" src="http://phukiengiare.com/images/detailed/15/op-trong-vien-mau-iphone-6-2.jpg" style="height:450px; width:600px" title="Ốp lưng iPhone 6" /></p>\r\n', 31, 2, 0, '100000', 60000, '', 0, 1, 1, 0, 0, 1, 36, 1, 1, '2017-06-09 13:54:54', '2017-06-09 13:54:54'),
(31, 'Cáp On The Go (OTG) USB cho smartphone', 'Cap On The Go (OTG) USB cho smartphone', 'cap-on-the-go-otg-usb-cho-smartphone', '', '<div class="promotion-title" style="-webkit-text-stroke-width:0px; background-color:#ffffff; border-bottom:1px solid #e7e7e7; clear:both; color:#333333; display:block; font-family:Tahoma,Geneva,sans-serif; font-size:14px; font-style:normal; font-variant-caps:normal; font-variant-ligatures:normal; font-weight:normal; height:18px; letter-spacing:normal; orphans:2; text-align:start; text-decoration-color:initial; text-decoration-style:initial; text-indent:0px; text-transform:none; white-space:normal; widows:2; word-spacing:0px">\r\n<p style="text-align:start">Với c&aacute;p OTG, bạn c&oacute; thể sử dụng với c&aacute;c loại m&aacute;y t&iacute;nh bảng chạy android để kết nối với USB, ổ cứng di động, USB 3g , chuột cổng USB, b&agrave;n ph&iacute;m cổng USB.</p>\r\n\r\n<p style="text-align:start">C&oacute; lẽ đối với người d&ugrave;ng phổ th&ocirc;ng, kh&aacute;i niệm USB OTG (On-The &ndash;Go) c&ograve;n kh&aacute; lạ, tuy nhi&ecirc;n, n&oacute; đ&atilde; xuất hiện từ kh&aacute; l&acirc;u. V&agrave; ng&agrave;y nay, c&oacute; thể khẳng định n&oacute; l&agrave; một trong những phụ kiện kh&ocirc;ng thể thiếu cho smarphone hay Tablet cao cấp chạy Hệ điều h&agrave;nh Android.</p>\r\n</div>\r\n', 32, 4, 0, '40,000', 40, '', 0, 1, 1, 0, 0, 1, 37, 1, 1, '2017-06-09 13:54:59', '2017-06-09 13:54:59'),
(32, 'Ốp lưng cao cấp iPhone 6/6s hiệu VIVA (Viso Collection)', 'Op lung cao cap iPhone 6-6s hieu VIVA (Viso Collection)', 'op-lung-cao-cap-iphone-66s-hieu-viva-viso-collection', '', '<p>Thương hiệu Viva nổi tiếng thế giới về phụ kiện cho Smartphone,Tablet đến từ Singapore.</p>\r\n\r\n<p>Viva đ&atilde; gắn liền gắn liền với sự nổi tiếng của c&aacute;c d&ograve;ng điện thoại Sony, HTC, Samsung. C&aacute;c sản phẩm của Viva ch&uacute; trọng nhiều v&agrave;o chất li&ecirc;u da cao cấp, thiết kế gọn nhẹ, m&agrave;u sắc trẻ trung sang trọng đ&atilde; l&agrave;m n&ecirc;n thương hiệu cao cấp của h&atilde;ng.</p>\r\n\r\n<p><a href="http://phukiengiare.com/phu-kien-theo-cac-dong-may/phu-kien-apple/iphone-6.html" target="_blank">Ốp lưng iPhone 6</a>/6s hiệu VIVA (Viso Collection)&nbsp;cao cấp sang trọng.</p>\r\n\r\n<p>- Được l&agrave;m bằng chất liệu cao cấp, si&ecirc;u mỏng si&ecirc;u nhẹ.</p>\r\n\r\n<p>- Thiết kế sang trọng, ch&iacute;nh x&aacute;c, &ocirc;m s&aacute;t m&aacute;y, chừa đ&uacute;ng ch&iacute;nh x&aacute;c c&aacute;c cổng kết nối v&agrave; ph&iacute;m chức năng.</p>\r\n\r\n<p>Đ&acirc;y sẽ l&agrave; sự lựa chọn ho&agrave;n hảo cho bạn khi đang t&igrave;m mua một chiếc ốp cho iPhone 6/6s.</p>\r\n\r\n<p><img alt="Ốp lưng cao cấp iPhone 6 hiệu VIVA (Viso Collection)" src="http://phukiengiare.com/images/detailed/17/op-lung-iphone-6-hieu-viva-viso-collection-1.jpg" /></p>\r\n\r\n<p><img alt="Ốp lưng cao cấp iPhone 6 hiệu VIVA (Viso Collection)" src="http://phukiengiare.com/images/detailed/17/op-lung-iphone-6-hieu-viva-viso-collection-2.jpg" /></p>\r\n\r\n<p><img alt="Ốp lưng cao cấp iPhone 6 hiệu VIVA (Viso Collection)" src="http://phukiengiare.com/images/detailed/17/op-lung-iphone-6-hieu-viva-viso-collection-3.jpg" /></p>\r\n', 33, 2, 0, '300000', 280000, '', 0, 1, 1, 0, 0, 1, 38, 1, 1, '2017-06-09 13:55:28', '2017-06-09 13:55:28'),
(33, 'Cáp sạc lightning cho iPhone TITAN Vip Series Made in VietNam', 'Cap sac lightning cho iPhone TITAN Vip Series Made in VietNam', 'cap-sac-lightning-cho-iphone-titan-vip-series-made-in-vietnam', '', '<p style="text-align:start"><a href="http://phukiengiare.com/cap-sac-lightning-cho-iphone-titan-vip-series-made-in-vietnam.html" style="background: transparent; font-size: 14px; font-weight: bold; font-style: normal; text-decoration: none; outline: none; color: rgb(74, 144, 226); cursor: pointer; transition: all 150ms; line-height: 22px; padding: 4px 0px;">C&aacute;p sạc lightning cho iPhone TITAN</a>&nbsp;Vip Series Made in VietNam</p>\r\n\r\n<p style="text-align:start">Sử dụng l&otilde;i đồng nguy&ecirc;n chất, cho ra đ&uacute;ng nguồn điện, tr&aacute;nh chai pin</p>\r\n\r\n<p style="text-align:start">Chuyển dữ liệu từ smartphone, tablet qua cổng usb</p>\r\n', 34, 4, 0, '80,000', 80, '', 0, 1, 1, 0, 0, 1, 39, 1, 1, '2017-06-09 13:55:40', '2017-06-09 13:55:40'),
(34, 'Ốp dẻo Iphone 6/6s viền đính đá hiệu Meephone Version 2', 'Op deo Iphone 6-6s vien dinh da hieu Meephone Version 2', 'op-deo-iphone-66s-vien-dinh-da-hieu-meephone-version-2', '', '<p>Meephone&nbsp;l&agrave; một trong số những nh&agrave; sản xuất phụ kiện ốp lưng gi&agrave;nh cho di động kh&aacute; th&agrave;nh c&ocirc;ng. Lu&ocirc;n nghi&ecirc;n cứu cho ra những sản phẩm phụ kiện đẹp, chất lượng gi&agrave;nh cho di động.</p>\r\n\r\n<p>Sản phẩm&nbsp;<a href="http://phukiengiare.com/phu-kien-theo-cac-dong-may/phu-kien-apple/iphone-6.html">ốp lưng Iphone 6/6s&nbsp;</a>hiệu Meephone version 2 n&agrave;y được đ&aacute;nh gi&aacute; mang lại t&iacute;nh thẩm mỹ cao cho người sử dụng điện thoại Iphone đặc biệt l&agrave; ốp dẻo đ&iacute;nh đ&aacute;</p>\r\n\r\n<p>-&nbsp;Ốp lưng&nbsp;được đ&iacute;nh đ&aacute; cao cấp hiệu Swarovski nổi tiếng.<br />\r\n- Vỏ ốp được l&agrave;m từ chất liệu silicon&nbsp;cao cấp c&oacute; độ dẻo, bền cao, gi&uacute;p bảo vệ v&agrave; thẩm mỹ cao cho điện thoại<br />\r\n- Ngo&agrave;i ra, ốp lưng c&ograve;n được phun sơn tĩnh điện bao phủ bề mặt ốp gi&uacute;p b&aacute;m tay kh&aacute; tốt</p>\r\n\r\n<p><img alt="Ốp dẻo Iphone 6/6s viền đính đá hiệu Meephone Version 2" src="http://phukiengiare.com/images/detailed/30/op-iphone-6-6s-deo-vien-dinh-da-hieu-mephone-v2-1.jpg" /></p>\r\n\r\n<p><img alt="Ốp dẻo Iphone 6/6s viền đính đá hiệu Meephone Version 2" src="http://phukiengiare.com/images/detailed/30/op-iphone-6-6s-deo-vien-dinh-da-hieu-mephone-v2-2.jpg" /></p>\r\n\r\n<p><img alt="Ốp dẻo Iphone 6/6s viền đính đá hiệu Meephone Version 2" src="http://phukiengiare.com/images/detailed/30/op-iphone-6-6s-deo-vien-dinh-da-hieu-mephone-v2-3.jpg" /></p>\r\n\r\n<p><img alt="Ốp dẻo Iphone 6/6s viền đính đá hiệu Meephone Version 2" src="http://phukiengiare.com/images/detailed/30/op-iphone-6-6s-deo-vien-dinh-da-hieu-mephone-v2-4.jpg" /></p>\r\n\r\n<p><img alt="Ốp dẻo Iphone 6/6s viền đính đá hiệu Meephone Version 2" src="http://phukiengiare.com/images/detailed/30/op-iphone-6-6s-deo-vien-dinh-da-hieu-mephone-v2-5.jpg" /></p>\r\n\r\n<p><img alt="Ốp dẻo Iphone 6/6s viền đính đá hiệu Meephone Version 2" src="http://phukiengiare.com/images/detailed/30/op-iphone-6-6s-deo-vien-dinh-da-hieu-mephone-v2-6.jpg" /></p>\r\n\r\n<p><img alt="Ốp dẻo Iphone 6/6s viền đính đá hiệu Meephone Version 2" src="http://phukiengiare.com/images/detailed/30/op-iphone-6-6s-deo-vien-dinh-da-hieu-mephone-v2-7.jpg" /></p>\r\n\r\n<p><img alt="Ốp dẻo Iphone 6/6s viền đính đá hiệu Meephone Version 2" src="http://phukiengiare.com/images/detailed/30/op-iphone-6-6s-deo-vien-dinh-da-hieu-mephone-v2-8.jpg" /></p>\r\n', 35, 2, 0, '250000', 230000, '', 0, 1, 1, 0, 0, 1, 40, 1, 1, '2017-06-09 13:56:01', '2017-06-09 13:56:01'),
(35, 'Cáp sạc iPhone 4 TITAN Vip Series Made in VietNam', 'Cap sac iPhone 4 TITAN Vip Series Made in VietNam', 'cap-sac-iphone-4-titan-vip-series-made-in-vietnam', '', '<p style="text-align:start"><a href="http://phukiengiare.com/cap-sac-iphone-4-titan-vip-series-made-in-vietnam.html" style="background: transparent; font-size: 14px; font-weight: bold; font-style: normal; text-decoration: none; outline: none; color: rgb(74, 144, 226); cursor: pointer; transition: all 150ms; line-height: 22px; padding: 4px 0px;">C&aacute;p sạc iPhone 4 TITAN</a>&nbsp;Vip Series Made in VietNam</p>\r\n\r\n<p style="text-align:start">Sử dụng l&otilde;i đồng nguy&ecirc;n chất, cho ra đ&uacute;ng nguồn điện, tr&aacute;nh chai pin</p>\r\n\r\n<p style="text-align:start">Chuyển dữ liệu từ smartphone, tablet qua cổng usb</p>\r\n', 36, 4, 0, '80,000', 80, '', 0, 1, 1, 0, 0, 1, 41, 1, 1, '2017-06-09 13:56:16', '2017-06-09 13:56:16'),
(36, 'Cáp usb Samsung Galaxy Note 2 chính hãng', 'Cap usb Samsung Galaxy Note 2 chinh hang', 'cap-usb-samsung-galaxy-note-2-chinh-hang', '', '<p style="text-align:start"><a href="http://phukiengiare.com/phu-kien-theo-cac-dong-may/phu-kien-samsung/phu-kien-chinh-hang-samsung.html" style="background: transparent; font-size: 14px; font-weight: bold; font-style: normal; text-decoration: none; outline: none; color: rgb(74, 144, 226); cursor: pointer; transition: all 150ms; line-height: 22px; padding: 4px 0px;" target="_blank">C&aacute;p usb Note 2</a>&nbsp;ch&iacute;nh h&atilde;ng Samsung</p>\r\n\r\n<p style="text-align:start">- Sử dụng để sạc cho Galaxy note 2</p>\r\n\r\n<p style="text-align:start">- D&ugrave;ng để kết nối giữa m&aacute;y t&iacute;nh v&agrave; điện thoại</p>\r\n\r\n<p style="text-align:start">- C&oacute; thể d&ugrave;ng chung cho m&aacute;y kh&aacute;c.</p>\r\n', 37, 4, 0, '100,000', 100, '', 0, 1, 1, 0, 0, 1, 42, 1, 1, '2017-06-09 13:56:54', '2017-06-09 13:56:54'),
(37, 'Cáp USB Sony EC801/ EC803 chính hãng', 'Cap USB Sony EC801- EC803 chinh hang', 'cap-usb-sony-ec801-ec803-chinh-hang', '', '<p style="text-align:start"><a href="http://phukiengiare.com/do-choi-cong-nghe.html" style="background: transparent; font-size: 14px; font-weight: bold; font-style: normal; text-decoration: none; outline: none; color: rgb(74, 144, 226); cursor: pointer; transition: all 150ms; line-height: 22px; padding: 4px 0px;" target="_blank">C&aacute;p EC801/ EC803</a>&nbsp;l&agrave; h&agrave;ng ch&iacute;nh h&atilde;ng Sony .</p>\r\n\r\n<p style="text-align:start">- C&aacute;p d&ugrave;ng để sạc c&aacute;c điện thoại Sony Xperia.</p>\r\n\r\n<p style="text-align:start">- Sử dụng để kết nối điện thoại với m&aacute;y t&iacute;nh.</p>\r\n\r\n<p style="text-align:center"><img alt="Cáp USB Sony EC801/ EC803 chính hãng" src="http://phukiengiare.com/images/detailed/17/cap-usb-sony-ec801-chinh-hang.jpg" style="border:0px; color:#444444; display:block; font-size:14px; height:auto !important; line-height:22px; margin:5px auto; max-width:100%; padding:4px 0px; text-align:center; vertical-align:middle; width:auto" /></p>\r\n', 38, 4, 0, '100,000', 100, '', 0, 1, 1, 0, 0, 1, 43, 1, 1, '2017-06-09 13:57:34', '2017-06-09 13:57:34'),
(38, 'Cốc sạc iPhone 5W', 'Coc sac iPhone 5W', 'coc-sac-iphone-5w', '', '<p style="text-align:start"><a href="http://phukiengiare.com/do-choi-cong-nghe.html" style="background: transparent; font-size: 14px; font-weight: bold; font-style: normal; text-decoration: none; outline: none; color: rgb(74, 144, 226); cursor: pointer; transition: all 150ms; line-height: 22px; padding: 4px 0px;" target="_blank">Cốc sạc iPhone 5W</a>&nbsp;sử dụng để sạc pin cho iPhone, iPod, iPad</p>\r\n\r\n<p style="text-align:center"><img alt="Cốc sạc iPhone 5W" src="http://phukiengiare.com/images/detailed/17/coc-sac-iphone.jpg" style="border:0px; color:#444444; display:block; font-size:14px; height:auto !important; line-height:22px; margin:5px auto; max-width:100%; padding:4px 0px; text-align:center; vertical-align:middle; width:auto" /></p>\r\n', 39, 4, 0, '100,000', 100, '', 0, 1, 1, 0, 0, 1, 44, 1, 1, '2017-06-09 13:58:05', '2017-06-09 13:58:05'),
(39, 'Thẻ nhớ SD SanDisk Ultra 16GB Class 10 UHS-I 48MB/s', 'The nho SD SanDisk Ultra 16GB Class 10 UHS-I 48MB-s', 'the-nho-sd-sandisk-ultra-16gb-class-10-uhs-i-48mbs', '', '<p><strong>Thẻ nhớ SD Sandisk Ultra 48MB/s&nbsp;16GB Class 10 ch&iacute;nh h&atilde;ng SanDisk, Bảo h&agrave;nh 5 năm.</strong></p>\r\n\r\n<p>Tương th&iacute;ch với tất cả c&aacute;c sản phẩm kỹ thuật số c&oacute; khe cắm SD/SDHC</p>\r\n\r\n<p><a href="http://phukiengiare.com/the-nho-sdhc-sandisk-ultra-16gb-class-10-uhs-i-48mb-s.html">Thẻ nhớ SD Sandisk Ultra 48MB/s&nbsp;UHS-I</a>&nbsp;nhanh hơn gấp 4 lần thẻ th&ocirc;ng thường&nbsp;gi&uacute;p bạn chụp v&agrave; lưu ảnh một c&aacute;ch nhanh ch&oacute;ng.&nbsp;Hỗ trợ cực tốt cho c&aacute;c nhiếp ảnh gia, những người muốn bắt được những bức ảnh chuyển động nhanh.</p>\r\n\r\n<p>Hỗ trợ quay video Full HD, h&igrave;nh ảnh độ ph&acirc;n giải cao 1920 x 1080 pixels</p>\r\n\r\n<p>Tốc độ 48MB/s&nbsp;cho ph&eacute;p bạn chuyển c&aacute;c h&igrave;nh ảnh c&oacute; độ ph&acirc;n giải cao hoặc Video Full HD từ m&aacute;y ảnh DSLR hay m&aacute;y quay của bạn v&agrave;o m&aacute;y t&iacute;nh của bạn m&agrave; kh&ocirc;ng cần phải chờ đợi l&acirc;u</p>\r\n\r\n<p>&nbsp;</p>\r\n\r\n<p>&nbsp;</p>\r\n\r\n<p><img alt="Thẻ nhớ SD SanDisk Ultra 16GB Class 10 UHS-I 48MB/s" src="http://phukiengiare.com/images/detailed/33/the-nho-sdhc-sandisk-ultra-16g-1.jpg" /></p>\r\n', 40, 5, 0, '195000', 180000, '', 0, 1, 1, 0, 0, 1, 46, 1, 1, '2017-06-09 13:58:41', '2017-06-09 13:58:41'),
(40, 'Đầu chuyển đổi OTG Samsung Galaxy S7/S7 Edge chính hãng', 'Dau chuyen doi OTG Samsung Galaxy S7-S7 Edge chinh hang', 'dau-chuyen-doi-otg-samsung-galaxy-s7s7-edge-chinh-hang', '', '<p style="text-align:start">Đầu chuyển đổi OTG Samsung Galaxy S7/S7 Edge ch&iacute;nh h&atilde;ng&nbsp;d&ugrave;ng để truyền dữ liệu, đọc, sao ch&eacute;p t&agrave;i liệu, xem phim, nghe nhạc từ usb hay ổ cứng ngo&agrave;i v&agrave;o điện thoại Galaxy S7/S7 edge<br />\r\n<br />\r\nĐầu OTG Samsung Galaxy S7/S7 Edge c&oacute; thể&nbsp;kết nối điện thoại Galaxy S7/S7 Edge với c&aacute;c thiết bị ngoại vi như chuột, b&agrave;n ph&iacute;m, m&aacute;y ảnh, m&aacute;y in, tay cầm chơi game, đầu đọc thẻ, USB,&nbsp;hay với điện thoại kh&aacute;c... qua cổng sạc điện thoại.<br />\r\n&nbsp;</p>\r\n\r\n<p style="text-align:center"><img alt="Đầu chuyển đổi OTG Samsung Galaxy S7/S7 Edge chính hãng" src="http://phukiengiare.com/images/detailed/31/usb-otg-samsung-galaxy-s7-s7edge-1.jpg" style="border:0px; color:#444444; display:block; font-size:14px; height:auto !important; line-height:22px; margin:5px auto; max-width:100%; padding:4px 0px; text-align:center; vertical-align:middle; width:auto" /></p>\r\n\r\n<p style="text-align:center"><img alt="Đầu chuyển đổi OTG Samsung Galaxy S7/S7 Edge chính hãng" src="http://phukiengiare.com/images/detailed/31/usb-otg-samsung-galaxy-s7-s7edge-2.jpg" style="border:0px; color:#444444; display:block; font-size:14px; height:auto !important; line-height:22px; margin:5px auto; max-width:100%; padding:4px 0px; text-align:center; vertical-align:middle; width:auto" /></p>\r\n\r\n<p style="text-align:center"><img alt="Đầu chuyển đổi OTG Samsung Galaxy S7/S7 Edge chính hãng" src="http://phukiengiare.com/images/detailed/31/usb-otg-samsung-galaxy-s7-s7edge-3.jpg" style="border:0px; color:#444444; display:block; font-size:14px; height:auto !important; line-height:22px; margin:5px auto; max-width:100%; padding:4px 0px; text-align:center; vertical-align:middle; width:auto" /></p>\r\n\r\n<p style="text-align:center"><img alt="Đầu chuyển đổi OTG Samsung Galaxy S7/S7 Edge chính hãng" src="http://phukiengiare.com/images/detailed/31/usb-otg-samsung-galaxy-s7-s7edge-4.jpg" style="border:0px; color:#444444; display:block; font-size:14px; height:auto !important; line-height:22px; margin:5px auto; max-width:100%; padding:4px 0px; text-align:center; vertical-align:middle; width:auto" /></p>\r\n\r\n<p style="text-align:center"><img alt="Đầu chuyển đổi OTG Samsung Galaxy S7/S7 Edge chính hãng" src="http://phukiengiare.com/images/detailed/31/usb-otg-samsung-galaxy-s7-s7edge-5.jpg" style="border:0px; color:#444444; display:block; font-size:14px; height:auto !important; line-height:22px; margin:5px auto; max-width:100%; padding:4px 0px; text-align:center; vertical-align:middle; width:auto" /></p>\r\n\r\n<p style="text-align:center"><img alt="Đầu chuyển đổi OTG Samsung Galaxy S7/S7 Edge chính hãng" src="http://phukiengiare.com/images/detailed/31/usb-otg-samsung-galaxy-s7-s7edge-6.jpg" style="border:0px; color:#444444; display:block; font-size:14px; height:auto !important; line-height:22px; margin:5px auto; max-width:100%; padding:4px 0px; text-align:center; vertical-align:middle; width:auto" /></p>\r\n', 41, 4, 0, '100,000', 100, '', 0, 1, 1, 0, 0, 1, 47, 1, 1, '2017-06-09 13:59:04', '2017-06-09 13:59:04');
INSERT INTO `product` (`id`, `name`, `alias`, `slug`, `description`, `content`, `thumbnail_id`, `loai_id`, `cate_id`, `price`, `price_5`, `guarantee`, `video_url`, `status`, `in_stock`, `is_hot`, `is_sale`, `display_order`, `meta_id`, `created_user`, `updated_user`, `created_at`, `updated_at`) VALUES
(41, 'Cáp sạc Samsung USB Type-C chính hãng', 'Cap sac Samsung USB Type-C chinh hang', 'cap-sac-samsung-usb-type-c-chinh-hang', '', '<p style="text-align:start"><a href="http://phukiengiare.com/sac-cap-ket-noi.html" style="background: transparent; font-size: 14px; font-weight: bold; font-style: normal; text-decoration: none; outline: none; color: rgb(74, 144, 226); cursor: pointer; transition: all 150ms; line-height: 22px; padding: 4px 0px;">C&aacute;p sạc Samsung USB-C</a>&nbsp;ch&iacute;nh h&atilde;ng</p>\r\n\r\n<p style="text-align:start">Sạc v&agrave; truyền dữ liệu cho điện thoại</p>\r\n\r\n<p style="text-align:start">Sạc nhanh với đầu ra tối đa 3A.</p>\r\n\r\n<p style="text-align:start">D&ugrave;ng cho tất cả c&aacute;c d&ograve;ng m&aacute;y chuẩn USB-C như Xperia XZ, Galaxy Note 7, Galaxy A3, A5, A7 2017...</p>\r\n\r\n<p style="text-align:start">Thiết kế chắc chắn, bền</p>\r\n\r\n<p style="text-align:start">Sản phẩm ch&iacute;nh h&atilde;ng Samsung.</p>\r\n\r\n<p style="text-align:start">&nbsp;</p>\r\n\r\n<p style="text-align:center"><img alt="Cáp sạc Samsung USB Type-C chính hãng" src="http://phukiengiare.com/images/detailed/37/cap-sac-samsung-usb-type-c-2.png" style="border:0px; color:#444444; display:block; font-size:14px; height:auto !important; line-height:22px; margin:5px auto; max-width:100%; padding:4px 0px; text-align:center; vertical-align:middle; width:auto" /></p>\r\n\r\n<p style="text-align:center"><img alt="Cáp sạc Samsung USB Type-C chính hãng" src="http://phukiengiare.com/images/detailed/37/cap-sac-samsung-usb-type-c-1.png" style="border:0px; color:#444444; display:block; font-size:14px; height:auto !important; line-height:22px; margin:5px auto; max-width:100%; padding:4px 0px; text-align:center; vertical-align:middle; width:auto" /></p>\r\n', 42, 4, 0, '100,000', 100, '', 0, 1, 1, 0, 0, 1, 48, 1, 1, '2017-06-09 13:59:49', '2017-06-09 13:59:49'),
(42, 'Thẻ nhớ 16GB Toshiba Class 10 tốc độ ghi 40Mb/s', 'The nho 16GB Toshiba Class 10 toc do ghi 40Mb-s', 'the-nho-16gb-toshiba-class-10-toc-do-ghi-40mbs', '', '<p>Thẻ nhớ 16GB Toshiba Class 10 tốc độ ghi 40Mb/s xứng đ&aacute;ng l&agrave; một phụ kiện bộ nhớ hổ trợ tuyệt vời cho thiết bị của bạn. Với khả năng tương th&iacute;ch ho&agrave;n to&agrave;n với tất cả c&aacute;c d&ograve;ng smartphone hiện nay, đ&acirc;y l&agrave; sự hổ trợ kh&ocirc;ng thể thiếu cho sức mạnh của Smartphone<br />\r\nThẻ nhớ 16GB Toshiba Class 10 tốc độ ghi 40Mb/s c&oacute; dung lượng cao v&agrave; độ bền tuyệt đối , được nhiều kh&aacute;ch h&agrave;ng tin tưởng để lưu trữ những dữ liệu quan trọng của họ. Bạn c&oacute; thể biến chiếc thẻ nhớ th&agrave;nh nơi lưu trữ dữ liệu với dung lượng rất cao thay thế ho&agrave;n to&agrave;n c&aacute;c thiết bị lưu trữ kh&aacute;c như usb hay thẻ flash&nbsp;<br />\r\nThẻ nhớ 16GB Toshiba Class 10 tốc độ ghi 40Mb/s với tốc độ đọc dữ liệu cực cao l&ecirc;n đến 40MB/1s. Gi&uacute;p qu&yacute; kh&aacute;ch ch&eacute;p dữ liệu với 1 tốc độ cực nhanh. Chuẩn Class 10 l&agrave; chuẩn đọc file ti&ecirc;n tiến hiện nay<br />\r\nThẻ nhớ 16GB Toshiba Class 10 được bảo h&agrave;nh l&ecirc;n đến 2 năm. Khẳng định độ bền tuyệt đối của sản phẩm. Gi&uacute;p qu&yacute; kh&aacute;ch ho&agrave;n to&agrave;n y&ecirc;n t&acirc;m khi lựa chọn sản phẩm của h&atilde;ng Toshiba</p>\r\n\r\n<p><img alt="" src="http://phukiengiare.com/images/detailed/36/the-mho-toshiba-16g-lass-10-1.png" style="height:600px; width:600px" /></p>\r\n\r\n<p><img alt="Thẻ nhớ 16GB Toshiba Class 10 tốc độ ghi 40Mb/s" src="http://phukiengiare.com/images/detailed/26/the-nho-micro-sd-toshiba-16gb-1.jpg" /></p>\r\n\r\n<p><img alt="Thẻ nhớ 16GB Toshiba Class 10 tốc độ ghi 40Mb/s" src="http://phukiengiare.com/images/detailed/26/the-nho-micro-sd-toshiba-16gb-2.jpg" /></p>\r\n', 43, 5, 0, '250000', 230000, '', 0, 1, 1, 0, 0, 1, 49, 1, 1, '2017-06-09 13:59:50', '2017-06-09 13:59:50'),
(43, 'Thẻ nhớ 16GB Sandisk Class 10 tốc độ ghi 48Mb/s', 'The nho 16GB Sandisk Class 10 toc do ghi 48Mb-s', 'the-nho-16gb-sandisk-class-10-toc-do-ghi-48mbs', '', '<p><a href="http://phukiengiare.com/the-nho-16gb-sandisk-class-10-toc-do-ghi-48mb-s.html"><strong>Thẻ nhớ 16GB Sandisk Class 10</strong></a>&nbsp;tốc độ ghi 48Mb/s xứng đ&aacute;ng l&agrave; một phụ kiện bộ nhớ hổ trợ tuyệt vời cho thiết bị của bạn. Với khả năng tương th&iacute;ch ho&agrave;n to&agrave;n với tất cả c&aacute;c d&ograve;ng smartphone hiện nay, đ&acirc;y l&agrave; sự hổ trợ kh&ocirc;ng thể thiếu cho sức mạnh của Smartphone</p>\r\n\r\n<p>- Loại thẻ nhớ: MicoroSDHC</p>\r\n\r\n<p>- Hãng sản xu&acirc;́t: Sandisk (USA)</p>\r\n\r\n<p>- Tốc độ đọc/ghi: ~48MB/gi&acirc;y</p>\r\n\r\n<p>- Kích thước: 15mm x 11mm x 1.0mm</p>\r\n\r\n<p>- Nhiệt độ: -25&deg;C (-13&deg;F) to 85&deg;C (185&deg;F)</p>\r\n\r\n<p>- Bảo hành: 5 năm</p>\r\n\r\n<p>Với thẻ nhớ Sandisk Ultra MicroSDHC Class 10 bạn có th&ecirc;̉ lưu trữ hình ảnh và video ở ch&ecirc;́ đ&ocirc;̣ Full HD (1080), cùng với ph&acirc;̀n m&ecirc;̀m Sandisk Memory Zone App bạn sẽ quản lý các file lưu trữ m&ocirc;̣t cách t&ocirc;́i ưu nh&acirc;́t, thẻ nhớ Sandisk Ultra MicroSDHC sử dụng được ở nhi&ecirc;̣t đ&ocirc;̣ cao, ch&ocirc;́ng s&ocirc;́c, ch&ocirc;́ng tia X-ray giữ cho thi&ecirc;́t bị của bạn lu&ocirc;n an toàn.</p>\r\n\r\n<p>Thẻ nhớ 16GB Sandisk&nbsp;Class 10 tốc độ ghi/đọc 48Mb/s c&oacute; dung lượng cao v&agrave; độ bền tuyệt đối , được nhiều kh&aacute;ch h&agrave;ng tin tưởng để lưu trữ những dữ liệu quan trọng của họ. Bạn c&oacute; thể biến chiếc thẻ nhớ th&agrave;nh nơi lưu trữ dữ liệu với dung lượng rất cao thay thế ho&agrave;n to&agrave;n c&aacute;c thiết bị lưu trữ kh&aacute;c như usb hay thẻ flash&nbsp;</p>\r\n\r\n<p>Thẻ nhớ 16GB Sandisk&nbsp;Class 10 được bảo h&agrave;nh l&ecirc;n đến 5&nbsp;năm. Khẳng định độ bền tuyệt đối của sản phẩm. Gi&uacute;p qu&yacute; kh&aacute;ch ho&agrave;n to&agrave;n y&ecirc;n t&acirc;m khi lựa chọn sản phẩm của h&atilde;ng&nbsp;Sandisk</p>\r\n\r\n<p><img alt="" src="http://phukiengiare.com/images/detailed/33/the-nho-sandisk-16g-1.jpg" style="height:400px; width:500px" /></p>\r\n', 44, 5, 0, '250000', 240000, '', 0, 1, 1, 0, 0, 1, 50, 1, 1, '2017-06-09 14:00:23', '2017-06-09 14:00:23'),
(44, 'Cáp Lightning Hiệu Usams - U-TURN Series', 'Cap Lightning Hieu Usams - U-TURN Series', 'cap-lightning-hieu-usams-u-turn-series', '', '<p style="text-align:start"><a href="http://phukiengiare.com/sac-cap-ket-noi.html" style="background: transparent; font-size: 14px; font-weight: bold; font-style: normal; text-decoration: none; outline: none; color: rgb(74, 144, 226); cursor: pointer; transition: all 150ms; line-height: 22px; padding: 4px 0px;">C&aacute;p sạc Lightning Hiệu Usams</a>&nbsp;- U-TURN Series c&oacute; thiết kế thời trang, trẻ trung năng động.</p>\r\n\r\n<p style="text-align:start">Được l&agrave;m từ chất liệu TPE + PVC cao cấp cho độ bền cao.</p>\r\n\r\n<p style="text-align:start">Độ d&agrave;i l&ecirc;n đến 1m thuận tiện sử dụng.</p>\r\n\r\n<p style="text-align:start">Ph&ugrave; hợp với iPhone 7/7 Plus, iPod, iPhone, iPad sử dụng cổng sạc lightning cũng như IOS 10 v&agrave;o hơn nữa.</p>\r\n\r\n<p style="text-align:start">C&oacute; nhiều m&agrave;u sắc lựa chọn.</p>\r\n\r\n<p style="text-align:start">&nbsp;</p>\r\n\r\n<p style="text-align:center"><img alt="Cáp Lightning Hiệu Usams - U-TURN Series" src="http://phukiengiare.com/images/detailed/36/cap-lightning-usam-u-turn-series-us-sj-097-1.png" style="border:0px; color:#444444; display:block; font-size:14px; height:auto !important; line-height:22px; margin:5px auto; max-width:100%; padding:4px 0px; text-align:center; vertical-align:middle; width:auto" /></p>\r\n\r\n<p style="text-align:center"><img alt="Cáp Lightning Hiệu Usams - U-TURN Series" src="http://phukiengiare.com/images/detailed/36/cap-lightning-usam-u-turn-series-us-sj-097-2.png" style="border:0px; color:#444444; display:block; font-size:14px; height:auto !important; line-height:22px; margin:5px auto; max-width:100%; padding:4px 0px; text-align:center; vertical-align:middle; width:auto" /></p>\r\n\r\n<p style="text-align:center"><img alt="Cáp Lightning Hiệu Usams - U-TURN Series" src="http://phukiengiare.com/images/detailed/36/cap-lightning-usam-u-turn-series-us-sj-097-3.png" style="border:0px; color:#444444; display:block; font-size:14px; height:auto !important; line-height:22px; margin:5px auto; max-width:100%; padding:4px 0px; text-align:center; vertical-align:middle; width:auto" /></p>\r\n\r\n<p style="text-align:center"><img alt="Cáp Lightning Hiệu Usams - U-TURN Series" src="http://phukiengiare.com/images/detailed/36/cap-lightning-usam-u-turn-series-us-sj-097-4.png" style="border:0px; color:#444444; display:block; font-size:14px; height:auto !important; line-height:22px; margin:5px auto; max-width:100%; padding:4px 0px; text-align:center; vertical-align:middle; width:auto" /></p>\r\n\r\n<p style="text-align:center"><img alt="Cáp Lightning Hiệu Usams - U-TURN Series" src="http://phukiengiare.com/images/detailed/36/cap-lightning-usam-u-turn-series-us-sj-097-5.png" style="border:0px; color:#444444; display:block; font-size:14px; height:auto !important; line-height:22px; margin:5px auto; max-width:100%; padding:4px 0px; text-align:center; vertical-align:middle; width:auto" /></p>\r\n\r\n<p style="text-align:center"><img alt="Cáp Lightning Hiệu Usams - U-TURN Series" src="http://phukiengiare.com/images/detailed/36/cap-lightning-usam-u-turn-series-us-sj-097-6.png" style="border:0px; color:#444444; display:block; font-size:14px; height:auto !important; line-height:22px; margin:5px auto; max-width:100%; padding:4px 0px; text-align:center; vertical-align:middle; width:auto" /></p>\r\n\r\n<p style="text-align:center"><img alt="Cáp Lightning Hiệu Usams - U-TURN Series" src="http://phukiengiare.com/images/detailed/36/cap-lightning-usam-u-turn-series-us-sj-097-7.png" style="border:0px; color:#444444; display:block; font-size:14px; height:auto !important; line-height:22px; margin:5px auto; max-width:100%; padding:4px 0px; text-align:center; vertical-align:middle; width:auto" /></p>\r\n\r\n<p style="text-align:center"><img alt="Cáp Lightning Hiệu Usams - U-TURN Series" src="http://phukiengiare.com/images/detailed/36/cap-lightning-usam-u-turn-series-us-sj-097-8.png" style="border:0px; color:#444444; display:block; font-size:14px; height:auto !important; line-height:22px; margin:5px auto; max-width:100%; padding:4px 0px; text-align:center; vertical-align:middle; width:auto" /></p>\r\n\r\n<p style="text-align:center"><img alt="Cáp Lightning Hiệu Usams - U-TURN Series" src="http://phukiengiare.com/images/detailed/36/cap-lightning-usam-u-turn-series-us-sj-097-9.png" style="border:0px; color:#444444; display:block; font-size:14px; height:auto !important; line-height:22px; margin:5px auto; max-width:100%; padding:4px 0px; text-align:center; vertical-align:middle; width:auto" /></p>\r\n\r\n<p style="text-align:center"><img alt="Cáp Lightning Hiệu Usams - U-TURN Series" src="http://phukiengiare.com/images/detailed/36/cap-lightning-usam-u-turn-series-us-sj-097-10.png" style="border:0px; color:#444444; display:block; font-size:14px; height:auto !important; line-height:22px; margin:5px auto; max-width:100%; padding:4px 0px; text-align:center; vertical-align:middle; width:auto" /></p>\r\n', 45, 4, 0, '120,000', 120, '', 0, 1, 1, 0, 0, 1, 51, 1, 1, '2017-06-09 14:00:24', '2017-06-09 14:00:24'),
(45, 'Thẻ nhớ SD SanDisk Ultra 32GB Class 10 UHS-I 48MB/s', 'The nho SD SanDisk Ultra 32GB Class 10 UHS-I 48MB-s', 'the-nho-sd-sandisk-ultra-32gb-class-10-uhs-i-48mbs', '', '<p><strong>Thẻ nhớ SD SanDisk Ultra 32GB Class 10 UHS-I 48MB/s&nbsp;ch&iacute;nh h&atilde;ng SanDisk, Bảo h&agrave;nh 5 năm.</strong></p>\r\n\r\n<p>Tương th&iacute;ch với tất cả c&aacute;c sản phẩm kỹ thuật số c&oacute; khe cắm SD/SDHC</p>\r\n\r\n<p><a href="http://phukiengiare.com/the-nho-sd-sandisk-ultra-32gb-class-10-uhs-i-48mb-s-vn.html">Thẻ nhớ SD Sandisk Ultra 32GB UHS-I 48MB/s</a>&nbsp;nhanh hơn gấp 4 lần thẻ th&ocirc;ng thường&nbsp;gi&uacute;p bạn chụp v&agrave; lưu ảnh một c&aacute;ch nhanh ch&oacute;ng.&nbsp;Hỗ trợ cực tốt cho c&aacute;c nhiếp ảnh gia, những người muốn bắt được những bức ảnh chuyển động nhanh.</p>\r\n\r\n<p>Hỗ trợ quay video Full HD, h&igrave;nh ảnh độ ph&acirc;n giải cao 1920 x 1080 pixels</p>\r\n\r\n<p>Tốc độ 48MB/s&nbsp;cho ph&eacute;p bạn chuyển c&aacute;c h&igrave;nh ảnh c&oacute; độ ph&acirc;n giải cao hoặc Video Full HD từ m&aacute;y ảnh DSLR hay m&aacute;y quay của bạn v&agrave;o m&aacute;y t&iacute;nh của bạn m&agrave; kh&ocirc;ng cần phải chờ đợi l&acirc;u</p>\r\n', 46, 5, 0, '395000', 370000, '', 0, 1, 1, 0, 0, 1, 52, 1, 1, '2017-06-09 14:00:53', '2017-06-09 14:00:53'),
(46, 'Đầu chuyển OTG Samsung USB-C', 'Dau chuyen OTG Samsung USB-C', 'dau-chuyen-otg-samsung-usb-c', '', '<span style="background-color:#ffffff; color:#444444; font-family:Tahoma,Geneva,sans-serif; font-size:14px">Đầu chuyển đổi OTG Samsung USB-C&nbsp;ch&iacute;nh h&atilde;ng&nbsp;d&ugrave;ng để truyền dữ liệu, đọc, sao ch&eacute;p t&agrave;i liệu, xem phim, nghe nhạc từ usb hay ổ cứng ngo&agrave;i v&agrave;o điện thoại Galaxy sử dụng chuẩn USB-C như Galaxy Note 7, Galaxy A3/A5/A7 2017...</span><br />\r\n<br />\r\n<span style="background-color:#ffffff; color:#444444; font-family:Tahoma,Geneva,sans-serif; font-size:14px">Đầu OTG Samsung USB-C c&oacute; thể&nbsp;kết nối điện thoại Galaxy với c&aacute;c thiết bị ngoại vi như chuột, b&agrave;n ph&iacute;m, m&aacute;y ảnh, m&aacute;y in, tay cầm chơi game, đầu đọc thẻ, USB,&nbsp;hay với điện thoại kh&aacute;c... qua cổng sạc điện thoại.</span>\r\n<p style="text-align:center"><img alt="Đầu chuyển OTG Samsung USB-C" src="http://phukiengiare.com/images/detailed/37/samsung-otg-usb-c-to-usb-a-1.png" style="border:0px; color:#444444; display:block; font-size:14px; height:auto !important; line-height:22px; margin:5px auto; max-width:100%; padding:4px 0px; text-align:center; vertical-align:middle; width:auto" /></p>\r\n\r\n<p style="text-align:center"><img alt="Đầu chuyển OTG Samsung USB-C" src="http://phukiengiare.com/images/detailed/37/samsung-otg-usb-c-to-usb-a-2.png" style="border:0px; color:#444444; display:block; font-size:14px; height:auto !important; line-height:22px; margin:5px auto; max-width:100%; padding:4px 0px; text-align:center; vertical-align:middle; width:auto" /></p>\r\n', 47, 4, 0, '120,000', 120, '', 0, 1, 1, 0, 0, 1, 53, 1, 1, '2017-06-09 14:01:02', '2017-06-09 14:01:03'),
(47, 'Thẻ nhớ MicroSDXC Toshiba Exceria 32GB 48MB/s', 'The nho MicroSDXC Toshiba Exceria 32GB 48MB-s', 'the-nho-microsdxc-toshiba-exceria-32gb-48mbs', '', '<p><strong>Mở rộng kh&ocirc;ng gian lưu trữ của bạn</strong></p>\r\n\r\n<p>Thẻ nhớ MicroSD Toshiba Exceria 48MB/s&nbsp;với dung lượng l&ecirc;n tới 32GB, v&igrave; vậy bạn sẽ c&oacute; rất nhiều kh&ocirc;ng gian để lưu trữ h&igrave;nh ảnh v&agrave; video của bạn. V&agrave; bạn cũng sẽ kh&ocirc;ng cần phải quan t&acirc;m đến việc x&oacute;a bất kỳ dữ liệu n&agrave;o khi vấn đề về kh&ocirc;ng gian lưu trữ đ&atilde; kh&ocirc;ng c&ograve;n quan trọng.</p>\r\n\r\n<p><img alt="Thẻ nhớ Toshiba 32GB" src="http://phukiengiare.com/images/detailed/31/the-nho-microsdxc-toshiba-exceria-48mb-s-32gb-1.jpg" style="height:340px; width:340px" /></p>\r\n\r\n<p><strong>Th&ecirc;m nhiều kh&ocirc;ng gian, tiết kiệm thời gian</strong></p>\r\n\r\n<p>Với tốc độ cực nhanh l&ecirc;n đến 48 MB/s, thẻ nhớ MicroSD Toshiba Exceria 48MB/s&nbsp;c&oacute; thể nhanh ch&oacute;ng di chuyển tất cả h&igrave;nh ảnh v&agrave; video của bạn từ điện thoại hoặc m&aacute;y&nbsp;t&iacute;nh bảng của bạn để m&aacute;y t&iacute;nh.</p>\r\n\r\n<p>&nbsp;</p>\r\n\r\n<p><strong>Mang đến chất lượng h&igrave;nh ảnh v&agrave; Video chất lượng cực cao</strong></p>\r\n\r\n<p>&nbsp;</p>\r\n\r\n<p>Thẻ nhớ MicroSD Toshiba Exceria 48MB/s&nbsp;với tốc độ cao, cho ph&eacute;p bạn chụp ảnh chất lượng cao v&agrave; quay video Full HD rất mượt m&agrave;.</p>\r\n\r\n<p>&nbsp;</p>\r\n\r\n<p><strong>Mở rộng bộ nhớ của bạn</strong>&nbsp;</p>\r\n\r\n<p>&nbsp;</p>\r\n\r\n<p>Với dung lượng l&ecirc;n đến 32GB.&nbsp;Thẻ nhớ MicroSD Toshiba Exceria 48MB/s&nbsp;cung cấp cho bạn rất nhiều dung lượng để lưu trữ h&igrave;nh ảnh, nhạc, video v&agrave; c&aacute;c tập tin kh&aacute;c.</p>\r\n\r\n<p>&nbsp;</p>\r\n\r\n<p><strong>Si&ecirc;u bền bỉ</strong>&nbsp;</p>\r\n\r\n<p>&nbsp;</p>\r\n\r\n<p>Thẻ nhớ MicroSD Toshiba Exceria 48MB/s&nbsp;c&oacute; thể chống nước, nhiệt độ, chống sock,&nbsp; chống tia X-ray, giữ cho dữ liệu của bạn an to&agrave;n v&agrave; được bảo h&agrave;nh 5 năm tại PhuKienGiaRe.Com</p>\r\n\r\n<p><img alt="Thẻ nhớ Toshiba 32GB" src="http://phukiengiare.com/images/detailed/31/the-nho-microsdxc-toshiba-exceria-48mb-s-32gb-2.jpg" style="height:600px; width:600px" /></p>\r\n', 48, 5, 0, '450000', 400000, '', 0, 1, 1, 0, 0, 1, 54, 1, 1, '2017-06-09 14:01:23', '2017-06-09 14:01:23'),
(48, 'Thẻ nhớ 32GB Sandisk Class 10 tốc độ ghi 48Mb/s', 'The nho 32GB Sandisk Class 10 toc do ghi 48Mb-s', 'the-nho-32gb-sandisk-class-10-toc-do-ghi-48mbs', '', '<p><a href="http://phukiengiare.com/the-nho-32gb-sandisk-class-10-toc-do-ghi-48mb-s.html"><strong>Thẻ nhớ 32GB Sandisk Class 10</strong></a>&nbsp;tốc độ ghi 48Mb/s xứng đ&aacute;ng l&agrave; một phụ kiện bộ nhớ hổ trợ tuyệt vời cho thiết bị của bạn. Với khả năng tương th&iacute;ch ho&agrave;n to&agrave;n với tất cả c&aacute;c d&ograve;ng smartphone hiện nay, đ&acirc;y l&agrave; sự hổ trợ kh&ocirc;ng thể thiếu cho sức mạnh của Smartphone</p>\r\n\r\n<p>- Loại thẻ nhớ: MicoroSDHC</p>\r\n\r\n<p>- Hãng sản xu&acirc;́t: Sandisk (USA)</p>\r\n\r\n<p>- Tốc độ đọc/ghi: ~48MB/gi&acirc;y</p>\r\n\r\n<p>- Kích thước: 15mm x 11mm x 1.0mm</p>\r\n\r\n<p>- Nhiệt độ: -25&deg;C (-13&deg;F) to 85&deg;C (185&deg;F)</p>\r\n\r\n<p>- Bảo hành: 5 năm</p>\r\n\r\n<p>Với thẻ nhớ Sandisk Ultra MicroSDHC Class 10 bạn có th&ecirc;̉ lưu trữ hình ảnh và video ở ch&ecirc;́ đ&ocirc;̣ Full HD (1080), cùng với ph&acirc;̀n m&ecirc;̀m Sandisk Memory Zone App bạn sẽ quản lý các file lưu trữ m&ocirc;̣t cách t&ocirc;́i ưu nh&acirc;́t, thẻ nhớ Sandisk Ultra MicroSDHC sử dụng được ở nhi&ecirc;̣t đ&ocirc;̣ cao, ch&ocirc;́ng s&ocirc;́c, ch&ocirc;́ng tia X-ray giữ cho thi&ecirc;́t bị của bạn lu&ocirc;n an toàn.</p>\r\n\r\n<p>Thẻ nhớ 32GB Sandisk&nbsp;Class 10 tốc độ ghi/đọc 48Mb/s c&oacute; dung lượng cao v&agrave; độ bền tuyệt đối , được nhiều kh&aacute;ch h&agrave;ng tin tưởng để lưu trữ những dữ liệu quan trọng của họ. Bạn c&oacute; thể biến chiếc thẻ nhớ th&agrave;nh nơi lưu trữ dữ liệu với dung lượng rất cao thay thế ho&agrave;n to&agrave;n c&aacute;c thiết bị lưu trữ kh&aacute;c như usb hay thẻ flash&nbsp;</p>\r\n\r\n<p>Thẻ nhớ 32GB Sandisk&nbsp;Class 10 được bảo h&agrave;nh l&ecirc;n đến 5&nbsp;năm. Khẳng định độ bền tuyệt đối của sản phẩm. Gi&uacute;p qu&yacute; kh&aacute;ch ho&agrave;n to&agrave;n y&ecirc;n t&acirc;m khi lựa chọn sản phẩm của h&atilde;ng&nbsp;Sandisk</p>\r\n\r\n<p><img alt="" src="http://phukiengiare.com/images/detailed/33/the-nho-sandisk-32g-1.jpg" style="height:500px; width:500px" /></p>\r\n', 49, 5, 0, '450000', 430000, '', 0, 1, 1, 0, 0, 1, 55, 1, 1, '2017-06-09 14:02:21', '2017-06-09 14:02:21'),
(49, 'Thẻ nhớ SD SanDisk Ultra 64GB Class 10 UHS-I 48MB/s', 'The nho SD SanDisk Ultra 64GB Class 10 UHS-I 48MB-s', 'the-nho-sd-sandisk-ultra-64gb-class-10-uhs-i-48mbs', '', '<p><strong>Thẻ nhớ SD SanDisk Ultra 64GB Class 10 UHS-I 48MB/s&nbsp;ch&iacute;nh h&atilde;ng SanDisk, Bảo h&agrave;nh 5 năm.</strong></p>\r\n\r\n<p>Tương th&iacute;ch với tất cả c&aacute;c sản phẩm kỹ thuật số c&oacute; khe cắm SD/SDHC</p>\r\n\r\n<p><a href="http://phukiengiare.com/the-nho-sd-sandisk-ultra-64gb-class-10-uhs-i-48mb-s.html">Thẻ nhớ SD Sandisk Ultra 64GB UHS-I 48MB/s</a>&nbsp;nhanh hơn gấp 4 lần thẻ th&ocirc;ng thường&nbsp;gi&uacute;p bạn chụp v&agrave; lưu ảnh một c&aacute;ch nhanh ch&oacute;ng.&nbsp;Hỗ trợ cực tốt cho c&aacute;c nhiếp ảnh gia, những người muốn bắt được những bức ảnh chuyển động nhanh.</p>\r\n\r\n<p>Hỗ trợ quay video Full HD, h&igrave;nh ảnh độ ph&acirc;n giải cao 1920 x 1080 pixels</p>\r\n\r\n<p>Tốc độ 48MB/s&nbsp;cho ph&eacute;p bạn chuyển c&aacute;c h&igrave;nh ảnh c&oacute; độ ph&acirc;n giải cao hoặc Video Full HD từ m&aacute;y ảnh DSLR hay m&aacute;y quay của bạn v&agrave;o m&aacute;y t&iacute;nh của bạn m&agrave; kh&ocirc;ng cần phải chờ đợi l&acirc;u</p>\r\n\r\n<p><img alt="Thẻ nhớ SD SanDisk Ultra 64GB Class 10 UHS-I 48MB/s" src="http://phukiengiare.com/images/detailed/33/the-nho-sdhc-sandisk-ultra-64g-2.jpg" /></p>\r\n', 50, 5, 0, '695000', 650000, '', 0, 1, 1, 0, 0, 1, 56, 1, 1, '2017-06-09 14:02:53', '2017-06-09 14:02:53'),
(50, 'Thẻ nhớ MicroSD 64GB Class 10 chính hãng SanDisk', 'The nho MicroSD 64GB Class 10 chinh hang SanDisk', 'the-nho-microsd-64gb-class-10-chinh-hang-sandisk', '', '<p style="text-align:start"><span style="font-size:14px"><span style="color:#444444"><span style="font-family:Tahoma,Geneva,sans-serif"><span style="background-color:#ffffff"><strong>Thẻ nhớ MicroSD 64GB Class 10 ch&iacute;nh h&atilde;ng SanDisk, Bảo h&agrave;nh 5 năm.</strong></span></span></span></span></p>\r\n\r\n<p style="text-align:justify"><span style="font-size:14px"><span style="color:#444444"><span style="font-family:Tahoma,Geneva,sans-serif"><span style="background-color:#ffffff">- Tốc độ ghi/đọc: ~30MB/gi&acirc;y</span></span></span></span></p>\r\n\r\n<p style="text-align:justify"><span style="font-size:14px"><span style="color:#444444"><span style="font-family:Tahoma,Geneva,sans-serif"><span style="background-color:#ffffff">- Hỗ trợ HD</span></span></span></span></p>\r\n\r\n<p style="text-align:justify"><span style="font-size:14px"><span style="color:#444444"><span style="font-family:Tahoma,Geneva,sans-serif"><span style="background-color:#ffffff">- T&iacute;nh năng: Tương th&iacute;ch với tất cả c&aacute;c sản phẩm kỹ thuật số c&oacute; khe cắm MicroSDHC/SDHC</span></span></span></span></p>\r\n\r\n<p style="text-align:justify"><span style="font-size:14px"><span style="color:#444444"><span style="font-family:Tahoma,Geneva,sans-serif"><span style="background-color:#ffffff">- Sử dụng Chip: Chip NAND SLC</span></span></span></span></p>\r\n\r\n<p style="text-align:justify"><span style="font-size:14px"><span style="color:#444444"><span style="font-family:Tahoma,Geneva,sans-serif"><span style="background-color:#ffffff">- Điện &aacute;p: 2.7v ~ 3.6v</span></span></span></span></p>\r\n\r\n<p style="text-align:justify"><span style="font-size:14px"><span style="color:#444444"><span style="font-family:Tahoma,Geneva,sans-serif"><span style="background-color:#ffffff">- Nhiệt độ: -25&deg;C (-13&deg;F) to 85&deg;C (185&deg;F)</span></span></span></span></p>\r\n\r\n<p style="text-align:justify"><span style="font-size:14px"><span style="color:#444444"><span style="font-family:Tahoma,Geneva,sans-serif"><span style="background-color:#ffffff">- Trọng lượng: 2g</span></span></span></span></p>\r\n\r\n<p style="text-align:justify"><span style="font-size:14px"><span style="color:#444444"><span style="font-family:Tahoma,Geneva,sans-serif"><span style="background-color:#ffffff">- Bảo h&agrave;nh: 60 th&aacute;ng</span></span></span></span></p>\r\n\r\n<p style="text-align:justify"><span style="font-size:14px"><span style="color:#444444"><span style="font-family:Tahoma,Geneva,sans-serif"><span style="background-color:#ffffff">MicroSDHC (MicroSD High-Capacity) l&agrave; loại thẻ thế hệ mới của thẻ MicroSD (Phi&ecirc;n bản 2.0). Format thẻ ở bản ph&acirc;n hoạch FAT32, thẻ MicroSDHC c&oacute; thể đạt đến dung lượng lớn nhất l&agrave; 32GB v&agrave; c&oacute; thể đ&aacute;p ứng với c&aacute;c thiết bị điện thoại di động, m&aacute;y ảnh, m&aacute;y quay,.. đời cao đ&ograve;i hỏi c&ocirc;ng suất v&agrave; dung lượng cao. Giờ đ&acirc;y bạn c&oacute; thể th&iacute;ch th&uacute; hơn cuộc sống số chất lượng cao v&agrave; cất giữ tất cả c&aacute;c file nhạc MP3, c&aacute;c file ảnh sắc n&eacute;t c&oacute; độ ph&acirc;n giải lớn, c&aacute;c đoạn video clip trong thẻ nhớ MicroSDHC. &nbsp;</span></span></span></span></p>\r\n\r\n<p style="text-align:justify"><span style="font-size:14px"><span style="color:#444444"><span style="font-family:Tahoma,Geneva,sans-serif"><span style="background-color:#ffffff">Tốc độ cao, dung lượng lớn: Thẻ nhớ l&agrave; thiết bị lưu trữ đa phương tiện IC (mạch t&iacute;ch hợp) d&ugrave;ng bộ nhớ flash để ghi lại nhiều nội dung số đa phương tiện tr&ecirc;n 1 thẻ nhớ. C&ograve;n được gọi l&agrave; thiết bị đa phương tiện silic, IC d&ugrave;ng Mạch t&iacute;ch hợp lưu dữ liệu với sức chứa lớn, khả năng đọc/ch&eacute;p dữ liệu tốc độ cao, khả năng mở rộng v&agrave; bảo vệ bản quyền. Thỏa sức ứng dụng mỗi ng&agrave;y: Dễ d&agrave;ng lưu v&agrave; truyền hầu hết mọi định dạng nội dung số &ndash; &acirc;m nhạc, h&igrave;nh ảnh, video, ứng dụng c&ocirc;ng việc v&agrave; tr&ograve; chơi.</span></span></span></span></p>\r\n\r\n<p style="text-align:justify"><span style="font-size:14px"><span style="color:#444444"><span style="font-family:Tahoma,Geneva,sans-serif"><span style="background-color:#ffffff">Ho&agrave;n to&agrave;n di động v&agrave; chắc chắn, thỏa sức truyền dữ liệu giữa nhiều thiết bị tương th&iacute;ch.&nbsp;</span></span></span></span></p>\r\n\r\n<p style="text-align:justify"><span style="font-size:14px"><span style="color:#444444"><span style="font-family:Tahoma,Geneva,sans-serif"><span style="background-color:#ffffff">Nhỏ mới đẹp: Khi c&ocirc;ng nghệ ng&agrave;y c&agrave;ng ch&uacute; trọng đến thiết kế nhỏ gọn, thẻ nhớ l&agrave; thiết bị lưu trữ l&yacute; tưởng &ndash; tương th&iacute;ch với nhiều thiết bị như điện thoại di động, đầu ghi IC, PDA, s&aacute;ch điện tử, tr&ograve; chơi v&agrave; m&aacute;y nghe nhạc. Nhưng kiểu d&aacute;ng nhỏ gọn kh&ocirc;ng hề ảnh hưởng đến dung lượng lưu trữ!</span></span></span></span></p>\r\n\r\n<p style="text-align:center"><span style="font-size:14px"><span style="color:#444444"><span style="font-family:Tahoma,Geneva,sans-serif"><span style="background-color:#ffffff"><img alt="Thẻ nhớ MicroSD 64GB Class 10 chính hãng SanDisk" src="http://phukiengiare.com/images/detailed/11/the-nho-sandisk-class-10-64gb.jpg" style="border:0px; color:#444444; display:block; font-size:14px; height:auto !important; line-height:22px; margin:5px auto; max-width:100%; padding:4px 0px; text-align:center; vertical-align:middle; width:auto" /></span></span></span></span></p>\r\n', 51, 5, 0, '750000', 730000, '', 0, 1, 1, 0, 0, 1, 57, 1, 1, '2017-06-09 14:03:21', '2017-06-09 14:03:21'),
(51, 'Thẻ nhớ MicroSDXC Toshiba Exceria 64GB 90MB/s', 'The nho MicroSDXC Toshiba Exceria 64GB 90MB-s', 'the-nho-microsdxc-toshiba-exceria-64gb-90mbs', '', '<p><strong>Mở rộng kh&ocirc;ng gian lưu trữ của bạn</strong></p>\r\n\r\n<p><a href="http://phukiengiare.com/the-nho.html">Thẻ nhớ MicroSD Toshiba Exceria 90MB/s</a>&nbsp;với dung lượng l&ecirc;n tới 64GB, v&igrave; vậy bạn sẽ c&oacute; rất nhiều kh&ocirc;ng gian để lưu trữ h&igrave;nh ảnh v&agrave; video của bạn. V&agrave; bạn cũng sẽ kh&ocirc;ng cần phải quan t&acirc;m đến việc x&oacute;a bất kỳ dữ liệu n&agrave;o khi vấn đề về kh&ocirc;ng gian lưu trữ đ&atilde; kh&ocirc;ng c&ograve;n quan trọng.</p>\r\n\r\n<p><img alt="" src="http://phukiengiare.com/images/detailed/36/the-nho-toshiba-class-10-uhs-speed-class-3_(1).png" style="height:450px; width:600px" /></p>\r\n\r\n<p><strong>Th&ecirc;m nhiều kh&ocirc;ng gian, tiết kiệm thời gian</strong></p>\r\n\r\n<p>Với tốc độ cực nhanh l&ecirc;n đến 90 MB/s, thẻ nhớ MicroSDXC Toshiba Exceria 90MB/s&nbsp;c&oacute; thể nhanh ch&oacute;ng di chuyển tất cả h&igrave;nh ảnh v&agrave; video của bạn từ điện thoại hoặc m&aacute;y&nbsp;t&iacute;nh bảng của bạn để m&aacute;y t&iacute;nh.</p>\r\n\r\n<p>&nbsp;</p>\r\n\r\n<p><strong>Mang đến chất lượng h&igrave;nh ảnh v&agrave; Video chất lượng cực cao</strong></p>\r\n\r\n<p>&nbsp;</p>\r\n\r\n<p>Thẻ nhớ MicroSD Toshiba Exceria 90MB/s&nbsp;với tốc độ cao, cho ph&eacute;p bạn chụp ảnh chất lượng cao v&agrave; quay video Full HD rất mượt m&agrave;.</p>\r\n\r\n<p>&nbsp;</p>\r\n\r\n<p><strong>Mở rộng bộ nhớ của bạn</strong>&nbsp;</p>\r\n\r\n<p>&nbsp;</p>\r\n\r\n<p>Với dung lượng l&ecirc;n đến 64GB.&nbsp;Thẻ nhớ MicroSD Toshiba Exceria 90MB/s&nbsp;cung cấp cho bạn rất nhiều dung lượng để lưu trữ h&igrave;nh ảnh, nhạc, video v&agrave; c&aacute;c tập tin kh&aacute;c.</p>\r\n\r\n<p>&nbsp;</p>\r\n\r\n<p><strong>Si&ecirc;u bền bỉ</strong>&nbsp;</p>\r\n\r\n<p>&nbsp;</p>\r\n\r\n<p>Thẻ nhớ MicroSD Toshiba Exceria 90MB/s&nbsp;c&oacute; thể chống nước, nhiệt độ, chống sock,&nbsp; chống tia X-ray, giữ cho dữ liệu của bạn an to&agrave;n v&agrave; được bảo h&agrave;nh 5 năm tại PhuKienGiaRe.Com</p>\r\n\r\n<p><img alt="" src="http://phukiengiare.com/images/detailed/36/the-nho-toshiba-class-10-uhs-speed-class-3_(2).png" style="height:890px; width:600px" /></p>\r\n', 52, 5, 0, '850000', 800000, '', 0, 1, 1, 0, 0, 1, 58, 1, 1, '2017-06-09 14:03:59', '2017-06-09 14:03:59');

-- --------------------------------------------------------

--
-- Table structure for table `product_img`
--

CREATE TABLE `product_img` (
  `id` bigint(11) NOT NULL,
  `product_id` int(11) NOT NULL,
  `image_url` varchar(255) NOT NULL,
  `display_order` tinyint(4) NOT NULL
) ENGINE=InnoDB DEFAULT CHARSET=utf8;

--
-- Dumping data for table `product_img`
--

INSERT INTO `product_img` (`id`, `product_id`, `image_url`, `display_order`) VALUES
(3, 2, '2017/06/09/tai-nghe-bluetooth-baseus-timk-series-1-1496982900.jpg', 1),
(4, 3, '2017/06/09/tai-nghe-bluetooth-baseus-timk-series-1-1496983126.jpg', 1),
(5, 4, '2017/06/09/pin-du-phong-remax-5000-mah-1496990300.jpg', 1),
(6, 5, '2017/06/09/pin-du-phong-5000-mah-hieu-iremax-1-1496990369.JPG', 1),
(7, 6, '2017/06/09/pin-du-phong-xiaomi-5000-mah-1-1496990425.jpg', 1),
(8, 7, '2017/06/09/tai-nghe-bluetooth-baseus-timk-series-1-1496990447.jpg', 1),
(9, 8, '2017/06/09/pin-du-phong-titan-5000-mah-1-1496990469.jpg', 1),
(10, 9, '2017/06/09/tai-nghe-bluetooth-baseus-timk-series-1-1496990490.jpg', 1),
(11, 10, '2017/06/09/pin-du-phong-dung-luong-3100-mah-chinh-hang-samsung-1-1496990512.jpg', 1),
(12, 11, '2017/06/09/tai-nghe-bluetooth-baseus-timk-series-1-1496990539.jpg', 1),
(13, 13, '2017/06/09/tai-nghe-bluetooth-baseus-timk-series-1-1496990575.jpg', 1),
(14, 12, '2017/06/09/sac-du-phong-yoobao-yb-6003-1-1496990575.jpg', 1),
(15, 14, '2017/06/09/tai-nghe-bluetooth-baseus-timk-series-1-1496990598.jpg', 1),
(16, 15, '2017/06/09/tai-nghe-bluetooth-baseus-timk-series-1-1496990623.jpg', 1),
(17, 16, '2017/06/09/pin-du-phong-titan-10000-mah-1-1496990633.jpg', 1),
(18, 17, '2017/06/09/tai-nghe-bluetooth-baseus-timk-series-1-1496990653.jpg', 1),
(19, 18, '2017/06/09/tai-nghe-bluetooth-baseus-timk-series-1-1496990691.jpg', 1),
(20, 19, '2017/06/09/pin-du-phong-xiaomi-10400-mah-1-1496990708.jpg', 1),
(21, 20, '2017/06/09/tai-nghe-bluetooth-baseus-timk-series-1-1496990715.jpg', 1),
(22, 21, '2017/06/09/tai-nghe-bluetooth-baseus-timk-series-1-1496990740.jpg', 1),
(23, 22, '2017/06/09/pin-sac-du-phong-ihave-boss-2-1496990741.jpg', 1),
(24, 23, '2017/06/09/tai-nghe-bluetooth-baseus-timk-series-1-1496990765.jpg', 1),
(25, 24, '2017/06/09/tai-nghe-bluetooth-baseus-timk-series-1-1496990788.jpg', 1),
(26, 25, '2017/06/09/pin-du-phong-baseus-10000mah-1-1496990831.jpg', 1),
(27, 26, '2017/06/09/pin-du-phong-5000-mah-hieu-iremax-1-1496990940.JPG', 1),
(28, 27, '2017/06/09/op-lung-iphone-6-deo-hinh-ho-3d-2-1496991134.jpg', 1),
(29, 28, '2017/06/09/op-lung-iphone-6-6s-hoco-tpu-1-1496991177.jpg', 1),
(30, 29, '2017/06/09/op-lung-iphone-6-6s-luxo-da-quang-3d-1-1496991226.jpg', 1),
(31, 30, '2017/06/09/op-trong-vien-mau-iphone-6-1-1496991293.jpg', 1),
(32, 31, '2017/06/09/cap-on-the-go-usb-cho-dien-thoai-1496991298.jpg', 1),
(33, 32, '2017/06/09/op-lung-iphone-6-hieu-viva-viso-collection-1-1496991327.jpg', 1),
(34, 33, '2017/06/09/cap-on-the-go-usb-cho-dien-thoai-1496991339.jpg', 1),
(35, 34, '2017/06/09/op-iphone-6-6s-deo-vien-dinh-da-hieu-mephone-v2-1-1496991360.jpg', 1),
(36, 35, '2017/06/09/cap-on-the-go-usb-cho-dien-thoai-1496991375.jpg', 1),
(37, 36, '2017/06/09/cap-on-the-go-usb-cho-dien-thoai-1496991413.jpg', 1),
(38, 37, '2017/06/09/cap-on-the-go-usb-cho-dien-thoai-1496991453.jpg', 1),
(39, 38, '2017/06/09/cap-on-the-go-usb-cho-dien-thoai-1496991484.jpg', 1),
(40, 39, '2017/06/09/the-nho-sdhc-sandisk-ultra-16g-1-1496991520.jpg', 1),
(41, 40, '2017/06/09/cap-on-the-go-usb-cho-dien-thoai-1496991542.jpg', 1),
(42, 41, '2017/06/09/cap-on-the-go-usb-cho-dien-thoai-1496991588.jpg', 1),
(43, 42, '2017/06/09/the-mho-toshiba-16g-lass-10-1-1496991588.png', 1),
(44, 43, '2017/06/09/the-nho-sandisk-16g-1-1496991622.jpg', 1),
(45, 44, '2017/06/09/cap-on-the-go-usb-cho-dien-thoai-1496991623.jpg', 1),
(46, 45, '2017/06/09/the-nho-sdhc-sandisk-ultra-32g-1-6r5h-7s-1496991652.jpg', 1),
(47, 46, '2017/06/09/cap-on-the-go-usb-cho-dien-thoai-1496991661.jpg', 1),
(48, 47, '2017/06/09/the-nho-microsdxc-toshiba-exceria-48mb-s-32gb-1-1496991682.jpg', 1),
(49, 48, '2017/06/09/the-nho-sandisk-32g-1-1496991740.jpg', 1),
(50, 49, '2017/06/09/the-nho-sdhc-sandisk-ultra-64g-2-1496991772.jpg', 1),
(51, 50, '2017/06/09/the-nho-sandisk-class-10-64gb-1496991800.jpg', 1),
(52, 51, '2017/06/09/the-nho-toshiba-class-10-uhs-speed-class-3-1-1496991838.png', 1);

-- --------------------------------------------------------

--
-- Table structure for table `seo`
--

CREATE TABLE `seo` (
  `id` int(11) NOT NULL,
  `page_name` varchar(255) CHARACTER SET utf8 NOT NULL,
  `meta_title` varchar(255) CHARACTER SET utf8 NOT NULL,
  `meta_description` varchar(255) CHARACTER SET utf8 NOT NULL,
  `meta_keyword` varchar(255) CHARACTER SET utf8 NOT NULL,
  `seo_title` varchar(255) CHARACTER SET utf8 NOT NULL,
  `seo_text` text CHARACTER SET utf8
) ENGINE=InnoDB DEFAULT CHARSET=latin1;

-- --------------------------------------------------------

--
-- Table structure for table `settings`
--

CREATE TABLE `settings` (
  `id` bigint(20) UNSIGNED NOT NULL,
  `name` varchar(255) NOT NULL DEFAULT '',
  `value` longtext NOT NULL,
  `created_at` datetime NOT NULL,
  `updated_at` datetime NOT NULL
) ENGINE=InnoDB DEFAULT CHARSET=utf8;

--
-- Dumping data for table `settings`
--

INSERT INTO `settings` (`id`, `name`, `value`, `created_at`, `updated_at`) VALUES
(1, 'base_url', 'http://nghien.biz', '2016-07-27 14:37:52', '2016-07-27 14:37:52'),
(2, 'site_title', 'Mua bán nhà đất Hồ Chí Minh', '2016-07-27 14:37:52', '2017-05-27 12:13:45'),
(3, 'site_description', 'Chuyên cung cấp thông tin về nhà đất như: nhà riêng, nhà phố, đất nền, chung cư, biệt thự.  Tất cả đầy đủ pháp lý, minh bạch, rõ ràng.', '2016-07-27 14:37:52', '2017-05-27 12:13:45'),
(4, 'site_keywords', 'mua ban nha dat, nha dat ho chi minh', '2016-07-27 14:37:52', '2017-05-27 12:13:45'),
(5, 'admin_email', 'nghien.biz@gmail.com', '2016-07-27 14:37:52', '2016-07-27 14:37:52'),
(22, 'mail_server', 'mail.example.com', '2016-07-27 14:37:52', '2016-07-27 14:37:52'),
(23, 'mail_login_name', 'login@example.com', '2016-07-27 14:37:52', '2016-07-27 14:37:52'),
(24, 'mail_password', 'password', '2016-07-27 14:37:52', '2016-07-27 14:37:52'),
(105, 'site_name', 'Trang chủ - Dothi9.com', '2016-07-27 14:37:52', '2017-05-27 12:13:45'),
(113, 'google_analystic', 'UA-63665479-6', '2016-07-27 14:37:52', '2017-05-27 12:13:45'),
(114, 'facebook_appid', '282210028789883', '2016-07-27 14:37:52', '2017-05-27 12:13:45'),
(115, 'google_fanpage', '', '2016-07-27 14:37:52', '2017-05-27 12:13:45'),
(116, 'facebook_fanpage', 'https://www.facebook.com/dothi9.com', '2016-07-27 14:37:52', '2017-05-27 12:13:45'),
(117, 'twitter_fanpage', '', '2016-07-27 14:37:52', '2017-05-27 12:13:45'),
(130, 'logo', '2017/05/27/logo-1495862024.jpg', '2016-07-27 14:37:52', '2017-05-27 12:13:45'),
(131, 'favicon', '2016/11/29/favicon-1480367931.png', '2016-07-27 14:37:52', '2017-05-27 12:13:45'),
(141, 'banner', '2016/12/06/icho-vn-mua-online-gia-si-1480992823.jpg', '2016-07-27 14:37:52', '2017-05-27 12:13:45'),
(142, 'custom_text', '', '2016-07-27 14:37:52', '2017-05-27 12:13:45'),
(143, 'email_cc', 'tundq.ipl@gmail.com; tundq@icare.center; hiepvv.ipl@gmail.com; lamhuong77@gmail.com; muahang@icho.vn; hoangnhonline@gmail.com', '2016-11-11 00:00:00', '2017-05-27 12:13:45'),
(144, 'thong_bao_chung', '<p><em>- Mọi người cố gắng đạt chỉ ti&ecirc;u nh&eacute;.</em></p>\r\n', '2017-05-11 00:00:00', '2017-05-28 09:43:31'),
(145, 'cty_info', '<strong>C&Ocirc;NG TY BẤT ĐỘNG SẢN PH&Uacute; LONG CO.,LTD</strong><br />\r\n<strong>Địa chỉ</strong>: 185A T&acirc;y H&ograve;a, Phường Phước Long A, Quận 9, Tp. Hồ Ch&iacute; Minh<br />\r\n<strong>Hotline: <span style="color:#ff0033"><span style="font-size:16px">0902.950.950</span></span></strong><br />\r\n<strong>Viber/Zalo</strong>:&nbsp;0902.950.950<br />\r\n<strong>Email:&nbsp;nguyenlong0098@gmail.com</strong>', '0000-00-00 00:00:00', '2017-05-27 12:13:45');

-- --------------------------------------------------------

--
-- Table structure for table `tag`
--

CREATE TABLE `tag` (
  `id` bigint(20) NOT NULL,
  `meta_id` bigint(20) DEFAULT NULL,
  `slug` varchar(255) NOT NULL,
  `type` tinyint(1) NOT NULL COMMENT '1 product 2 tin tuc 3 tien ich',
  `name` varchar(255) NOT NULL,
  `alias` varchar(255) DEFAULT NULL,
  `description` varchar(32) DEFAULT NULL,
  `district_id` int(11) DEFAULT NULL COMMENT 'danh cho tien ich',
  `created_user` tinyint(4) NOT NULL,
  `updated_user` tinyint(4) NOT NULL,
  `created_at` datetime NOT NULL,
  `updated_at` datetime NOT NULL
) ENGINE=InnoDB DEFAULT CHARSET=utf8 ROW_FORMAT=COMPACT;

-- --------------------------------------------------------

--
-- Table structure for table `tag_objects`
--

CREATE TABLE `tag_objects` (
  `object_id` int(20) NOT NULL,
  `tag_id` int(20) NOT NULL,
  `type` tinyint(4) NOT NULL COMMENT '1 : product, 2 : tin tuc',
  `object_type` tinyint(4) NOT NULL DEFAULT '1' COMMENT '1 : product, 2 :tin tuc'
) ENGINE=InnoDB DEFAULT CHARSET=utf8;

-- --------------------------------------------------------

--
-- Table structure for table `text`
--

CREATE TABLE `text` (
  `id` int(11) NOT NULL,
  `text` text NOT NULL
) ENGINE=MyISAM DEFAULT CHARSET=utf8;

--
-- Dumping data for table `text`
--

INSERT INTO `text` (`id`, `text`) VALUES
(1, '0968 11 1080'),
(2, '0938 211 114'),
(3, 'vietsth1.11@gmail.com'),
(4, 'vietsth1.11@gmail.com'),
(5, 'CÔNG TY TNHH XD SỬA CHỮA CÔNG TRÌNH STH'),
(6, '54/2/19 Bạch Đằng, Phường 2, Q.Tân Bình, TP.HCM'),
(7, '08.6250 9292'),
(8, '0312996932'),
(9, 'sthsg.vn@gmail.com');

-- --------------------------------------------------------

--
-- Table structure for table `users`
--

CREATE TABLE `users` (
  `id` int(11) NOT NULL,
  `full_name` varchar(255) NOT NULL,
  `email` varchar(255) NOT NULL,
  `password` varchar(255) NOT NULL,
  `role` tinyint(1) NOT NULL,
  `status` tinyint(1) NOT NULL DEFAULT '1',
  `changed_password` tinyint(1) NOT NULL DEFAULT '0',
  `remember_token` varchar(255) NOT NULL,
  `created_user` int(11) NOT NULL,
  `updated_user` int(11) NOT NULL,
  `created_at` datetime NOT NULL,
  `updated_at` datetime NOT NULL
) ENGINE=InnoDB DEFAULT CHARSET=utf8;

--
-- Dumping data for table `users`
--

INSERT INTO `users` (`id`, `full_name`, `email`, `password`, `role`, `status`, `changed_password`, `remember_token`, `created_user`, `updated_user`, `created_at`, `updated_at`) VALUES
(1, 'Admin', 'admin@linhkienkhanhdat.com', '$2y$10$i7Sk34LkUO8YU6Dg07aq4eKBmxveVSph816tYi8OfOT0hWMEbAhOW', 3, 1, 0, '', 1, 1, '2017-06-02 00:00:00', '2017-06-02 00:00:00');

-- --------------------------------------------------------

--
-- Table structure for table `ward`
--

CREATE TABLE `ward` (
  `id` int(11) NOT NULL,
  `name` varchar(255) CHARACTER SET utf8 NOT NULL,
  `slug` varchar(255) NOT NULL,
  `meta_id` int(11) DEFAULT NULL,
  `prefix` varchar(20) NOT NULL,
  `display_order` int(11) NOT NULL,
  `district_id` int(11) NOT NULL,
  `city_id` int(11) NOT NULL,
  `id_dothi` int(11) NOT NULL,
  `status` tinyint(1) NOT NULL DEFAULT '1',
  `created_at` datetime DEFAULT NULL,
  `updated_at` datetime DEFAULT NULL
) ENGINE=InnoDB DEFAULT CHARSET=utf16;

--
-- Dumping data for table `ward`
--

INSERT INTO `ward` (`id`, `name`, `slug`, `meta_id`, `prefix`, `display_order`, `district_id`, `city_id`, `id_dothi`, `status`, `created_at`, `updated_at`) VALUES
(1, ' Thạnh Mỹ Lợi', 'thanh-my-loi', NULL, 'Phường', 1, 2, 1, 121, 1, '2017-05-05 02:53:14', '2017-05-05 02:53:14'),
(2, 'An Khánh', 'an-khanh', NULL, 'Phường', 2, 2, 1, 116, 1, '2017-05-05 02:53:14', '2017-05-05 02:53:14'),
(3, 'An Lợi Đông', 'an-loi-dong', NULL, 'Phường', 3, 2, 1, 119, 1, '2017-05-05 02:53:14', '2017-05-05 02:53:14'),
(4, 'An Phú', 'an-phu', NULL, 'Phường', 4, 2, 1, 118, 1, '2017-05-05 02:53:14', '2017-05-05 02:53:14'),
(5, 'Bình An', 'binh-an', NULL, 'Phường', 5, 2, 1, 112, 1, '2017-05-05 02:53:14', '2017-05-05 02:53:14'),
(6, 'Bình Khánh', 'binh-khanh', NULL, 'Phường', 6, 2, 1, 113, 1, '2017-05-05 02:53:14', '2017-05-05 02:53:14'),
(7, 'Bình Trưng Đông', 'binh-trung-dong', NULL, 'Phường', 7, 2, 1, 115, 1, '2017-05-05 02:53:14', '2017-05-05 02:53:14'),
(8, 'Bình Trưng Tây', 'binh-trung-tay', NULL, 'Phường', 8, 2, 1, 114, 1, '2017-05-05 02:53:14', '2017-05-05 02:53:14'),
(9, 'Cát Lái', 'cat-lai', NULL, 'Phường', 9, 2, 1, 120, 1, '2017-05-05 02:53:14', '2017-05-05 02:53:14'),
(10, 'Thảo Điền', 'thao-dien', NULL, 'Phường', 10, 2, 1, 111, 1, '2017-05-05 02:53:14', '2017-05-05 02:53:14'),
(11, 'Thủ Thiêm', 'thu-thiem', NULL, 'Phường', 11, 2, 1, 117, 1, '2017-05-05 02:53:14', '2017-05-05 02:53:14'),
(12, 'Hiệp Phú', 'hiep-phu', NULL, 'Phường', 1, 9, 1, 5848, 1, '2017-05-05 02:53:14', '2017-05-05 02:53:14'),
(13, 'Long Bình', 'long-binh', NULL, 'Phường', 2, 9, 1, 5850, 1, '2017-05-05 02:53:14', '2017-05-05 02:53:14'),
(14, 'Long Phước', 'long-phuoc', NULL, 'Phường', 3, 9, 1, 5852, 1, '2017-05-05 02:53:14', '2017-05-05 02:53:14'),
(15, 'Long Thạnh Mỹ', 'long-thanh-my', NULL, 'Phường', 4, 9, 1, 5849, 1, '2017-05-05 02:53:14', '2017-05-05 02:53:14'),
(16, 'Long Trường', 'long-truong', NULL, 'Phường', 5, 9, 1, 5842, 1, '2017-05-05 02:53:14', '2017-05-05 02:53:14'),
(17, 'Phú Hữu', 'phu-huu', NULL, 'Phường', 6, 9, 1, 5853, 1, '2017-05-05 02:53:14', '2017-05-05 02:53:14'),
(18, 'Phước Bình', 'phuoc-binh', NULL, 'Phường', 7, 9, 1, 5845, 1, '2017-05-05 02:53:15', '2017-05-05 02:53:15'),
(19, 'Phước Long A', 'phuoc-long-a', NULL, 'Phường', 8, 9, 1, 5837, 1, '2017-05-05 02:53:15', '2017-05-05 02:53:15'),
(20, 'Phước Long B', 'phuoc-long-b', NULL, 'Phường', 9, 9, 1, 5838, 1, '2017-05-05 02:53:15', '2017-05-05 02:53:15'),
(21, 'Tân Phú', 'tan-phu', NULL, 'Phường', 10, 9, 1, 5846, 1, '2017-05-05 02:53:15', '2017-05-05 02:53:15'),
(22, 'Tăng Nhơn Phú A', 'tang-nhon-phu-a', NULL, 'Phường', 11, 9, 1, 5840, 1, '2017-05-05 02:53:15', '2017-05-05 02:53:15'),
(23, 'Tăng Nhơn Phú B', 'tang-nhon-phu-b', NULL, 'Phường', 12, 9, 1, 5841, 1, '2017-05-05 02:53:15', '2017-05-05 02:53:15'),
(24, 'Trường Thạnh', 'truong-thanh', NULL, 'Phường', 13, 9, 1, 5844, 1, '2017-05-05 02:53:15', '2017-05-05 02:53:15'),
(25, 'Bình Chiểu', 'binh-chieu', NULL, 'Phường', 1, 19, 1, 11895, 1, '2017-05-05 02:53:15', '2017-05-05 02:53:15'),
(26, 'Bình Thọ', 'binh-tho', NULL, 'Phường', 2, 19, 1, 11953, 1, '2017-05-05 02:53:15', '2017-05-05 02:53:15'),
(27, 'Hiệp Bình Chánh', 'hiep-binh-chanh', NULL, 'Phường', 3, 19, 1, 133, 1, '2017-05-05 02:53:15', '2017-05-05 02:53:15'),
(28, 'Hiệp Bình Phước', 'hiep-binh-phuoc', NULL, 'Phường', 4, 19, 1, 134, 1, '2017-05-05 02:53:15', '2017-05-05 02:53:15'),
(29, 'Linh Chiểu', 'linh-chieu', NULL, 'Phường', 5, 19, 1, 11916, 1, '2017-05-05 02:53:15', '2017-05-05 02:53:15'),
(30, 'Linh Đông', 'linh-dong', NULL, 'Phường', 6, 19, 1, 135, 1, '2017-05-05 02:53:15', '2017-05-05 02:53:15'),
(31, 'Linh Tây', 'linh-tay', NULL, 'Phường', 7, 19, 1, 11915, 1, '2017-05-05 02:53:15', '2017-05-05 02:53:15'),
(32, 'Linh Trung', 'linh-trung', NULL, 'Phường', 8, 19, 1, 136, 1, '2017-05-05 02:53:15', '2017-05-05 02:53:15'),
(33, 'Linh Xuân', 'linh-xuan', NULL, 'Phường', 9, 19, 1, 137, 1, '2017-05-05 02:53:15', '2017-05-05 02:53:15'),
(34, 'Tam Bình', 'tam-binh', NULL, 'Phường', 10, 19, 1, 138, 1, '2017-05-05 02:53:15', '2017-05-05 02:53:15'),
(35, 'Tam Phú', 'tam-phu', NULL, 'Phường', 11, 19, 1, 139, 1, '2017-05-05 02:53:15', '2017-05-05 02:53:15'),
(36, 'Trường Thọ', 'truong-tho', NULL, 'Phường', 12, 19, 1, 11845, 1, '2017-05-05 02:53:15', '2017-05-05 02:53:15');

--
-- Indexes for dumped tables
--

--
-- Indexes for table `articles`
--
ALTER TABLE `articles`
  ADD PRIMARY KEY (`id`);

--
-- Indexes for table `articles_cate`
--
ALTER TABLE `articles_cate`
  ADD PRIMARY KEY (`id`);

--
-- Indexes for table `banner`
--
ALTER TABLE `banner`
  ADD PRIMARY KEY (`id`);

--
-- Indexes for table `block`
--
ALTER TABLE `block`
  ADD PRIMARY KEY (`id`);

--
-- Indexes for table `cate`
--
ALTER TABLE `cate`
  ADD PRIMARY KEY (`id`),
  ADD KEY `name` (`name`),
  ADD KEY `slug` (`slug`);

--
-- Indexes for table `city`
--
ALTER TABLE `city`
  ADD PRIMARY KEY (`id`),
  ADD UNIQUE KEY `code` (`code`);

--
-- Indexes for table `contact`
--
ALTER TABLE `contact`
  ADD PRIMARY KEY (`id`),
  ADD KEY `type` (`type`),
  ADD KEY `full_name` (`full_name`),
  ADD KEY `email` (`email`),
  ADD KEY `phone` (`phone`),
  ADD KEY `status` (`status`);

--
-- Indexes for table `customers`
--
ALTER TABLE `customers`
  ADD PRIMARY KEY (`id`);

--
-- Indexes for table `custom_link`
--
ALTER TABLE `custom_link`
  ADD PRIMARY KEY (`id`);

--
-- Indexes for table `district`
--
ALTER TABLE `district`
  ADD PRIMARY KEY (`id`);

--
-- Indexes for table `info_seo`
--
ALTER TABLE `info_seo`
  ADD PRIMARY KEY (`id`),
  ADD KEY `url` (`url`);

--
-- Indexes for table `loai_sp`
--
ALTER TABLE `loai_sp`
  ADD PRIMARY KEY (`id`),
  ADD KEY `name` (`name`,`slug`),
  ADD KEY `slug` (`slug`);

--
-- Indexes for table `meta_data`
--
ALTER TABLE `meta_data`
  ADD PRIMARY KEY (`id`);

--
-- Indexes for table `newsletter`
--
ALTER TABLE `newsletter`
  ADD PRIMARY KEY (`id`),
  ADD UNIQUE KEY `email` (`email`),
  ADD KEY `status` (`status`);

--
-- Indexes for table `pages`
--
ALTER TABLE `pages`
  ADD PRIMARY KEY (`id`);

--
-- Indexes for table `product`
--
ALTER TABLE `product`
  ADD PRIMARY KEY (`id`);

--
-- Indexes for table `product_img`
--
ALTER TABLE `product_img`
  ADD PRIMARY KEY (`id`),
  ADD KEY `product_id` (`product_id`),
  ADD KEY `image_url` (`image_url`);

--
-- Indexes for table `seo`
--
ALTER TABLE `seo`
  ADD PRIMARY KEY (`id`);

--
-- Indexes for table `settings`
--
ALTER TABLE `settings`
  ADD PRIMARY KEY (`id`),
  ADD UNIQUE KEY `option_name` (`name`) USING BTREE;

--
-- Indexes for table `tag`
--
ALTER TABLE `tag`
  ADD PRIMARY KEY (`id`);

--
-- Indexes for table `tag_objects`
--
ALTER TABLE `tag_objects`
  ADD PRIMARY KEY (`object_id`,`tag_id`,`type`);

--
-- Indexes for table `text`
--
ALTER TABLE `text`
  ADD PRIMARY KEY (`id`);

--
-- Indexes for table `users`
--
ALTER TABLE `users`
  ADD PRIMARY KEY (`id`);

--
-- Indexes for table `ward`
--
ALTER TABLE `ward`
  ADD PRIMARY KEY (`id`);

--
-- AUTO_INCREMENT for dumped tables
--

--
-- AUTO_INCREMENT for table `articles`
--
ALTER TABLE `articles`
  MODIFY `id` int(11) NOT NULL AUTO_INCREMENT;
--
-- AUTO_INCREMENT for table `articles_cate`
--
ALTER TABLE `articles_cate`
  MODIFY `id` int(11) NOT NULL AUTO_INCREMENT, AUTO_INCREMENT=2;
--
-- AUTO_INCREMENT for table `banner`
--
ALTER TABLE `banner`
  MODIFY `id` int(11) NOT NULL AUTO_INCREMENT;
--
-- AUTO_INCREMENT for table `block`
--
ALTER TABLE `block`
  MODIFY `id` int(11) NOT NULL AUTO_INCREMENT;
--
-- AUTO_INCREMENT for table `cate`
--
ALTER TABLE `cate`
  MODIFY `id` int(11) NOT NULL AUTO_INCREMENT, AUTO_INCREMENT=2;
--
-- AUTO_INCREMENT for table `city`
--
ALTER TABLE `city`
  MODIFY `id` int(11) NOT NULL AUTO_INCREMENT, AUTO_INCREMENT=64;
--
-- AUTO_INCREMENT for table `contact`
--
ALTER TABLE `contact`
  MODIFY `id` int(11) NOT NULL AUTO_INCREMENT;
--
-- AUTO_INCREMENT for table `customers`
--
ALTER TABLE `customers`
  MODIFY `id` int(11) NOT NULL AUTO_INCREMENT;
--
-- AUTO_INCREMENT for table `custom_link`
--
ALTER TABLE `custom_link`
  MODIFY `id` int(11) NOT NULL AUTO_INCREMENT;
--
-- AUTO_INCREMENT for table `district`
--
ALTER TABLE `district`
  MODIFY `id` int(11) NOT NULL AUTO_INCREMENT, AUTO_INCREMENT=708;
--
-- AUTO_INCREMENT for table `info_seo`
--
ALTER TABLE `info_seo`
  MODIFY `id` int(11) NOT NULL AUTO_INCREMENT;
--
-- AUTO_INCREMENT for table `loai_sp`
--
ALTER TABLE `loai_sp`
  MODIFY `id` int(11) NOT NULL AUTO_INCREMENT, AUTO_INCREMENT=6;
--
-- AUTO_INCREMENT for table `meta_data`
--
ALTER TABLE `meta_data`
  MODIFY `id` bigint(20) NOT NULL AUTO_INCREMENT, AUTO_INCREMENT=59;
--
-- AUTO_INCREMENT for table `newsletter`
--
ALTER TABLE `newsletter`
  MODIFY `id` int(11) NOT NULL AUTO_INCREMENT;
--
-- AUTO_INCREMENT for table `pages`
--
ALTER TABLE `pages`
  MODIFY `id` int(111) NOT NULL AUTO_INCREMENT, AUTO_INCREMENT=3;
--
-- AUTO_INCREMENT for table `product`
--
ALTER TABLE `product`
  MODIFY `id` int(11) NOT NULL AUTO_INCREMENT, AUTO_INCREMENT=52;
--
-- AUTO_INCREMENT for table `product_img`
--
ALTER TABLE `product_img`
  MODIFY `id` bigint(11) NOT NULL AUTO_INCREMENT, AUTO_INCREMENT=53;
--
-- AUTO_INCREMENT for table `seo`
--
ALTER TABLE `seo`
  MODIFY `id` int(11) NOT NULL AUTO_INCREMENT;
--
-- AUTO_INCREMENT for table `settings`
--
ALTER TABLE `settings`
  MODIFY `id` bigint(20) UNSIGNED NOT NULL AUTO_INCREMENT, AUTO_INCREMENT=146;
--
-- AUTO_INCREMENT for table `tag`
--
ALTER TABLE `tag`
  MODIFY `id` bigint(20) NOT NULL AUTO_INCREMENT;
--
-- AUTO_INCREMENT for table `text`
--
ALTER TABLE `text`
  MODIFY `id` int(11) NOT NULL AUTO_INCREMENT, AUTO_INCREMENT=10;
--
-- AUTO_INCREMENT for table `users`
--
ALTER TABLE `users`
  MODIFY `id` int(11) NOT NULL AUTO_INCREMENT, AUTO_INCREMENT=2;
--
-- AUTO_INCREMENT for table `ward`
--
ALTER TABLE `ward`
  MODIFY `id` int(11) NOT NULL AUTO_INCREMENT, AUTO_INCREMENT=37;
/*!40101 SET CHARACTER_SET_CLIENT=@OLD_CHARACTER_SET_CLIENT */;
/*!40101 SET CHARACTER_SET_RESULTS=@OLD_CHARACTER_SET_RESULTS */;
/*!40101 SET COLLATION_CONNECTION=@OLD_COLLATION_CONNECTION */;
